hierarchy,industry_jp,row_no,n_enterprises,sample_enterprises,total_employees,total_sales_100mn_yen,n_rd_enterprises,rd_enterprise_share_pct,n_inhouse_rd_enterprises,rd_enterprise_employees,rd_enterprise_sales_100mn_yen,researchers,researchers_total,rd_expenditure_mn_yen,external_research_expenditure_mn_yen,rd_expenditure_to_sales_pct
1,全産業,1,502474.0,11354.0,23155280.0,,17724.0,3.5,16773.0,6555371.0,,626709.0,523548.0,16119874.0,2251.0,
2,全産業(資本金)1000万円～1億円未満,2,480088.0,3871.0,12547961.0,,11295.0,2.4,10717.0,1033209.0,,51770.0,43472.0,551135.0,1110.0,
2,全産業(資本金)1億円～10億円未満,3,17917.0,3333.0,4474236.0,,4290.0,23.9,4026.0,1344150.0,,92151.0,81874.0,1751961.0,616.0,
2,全産業(資本金)10億円～100億円未満,4,3261.0,2954.0,2174871.0,,1510.0,46.3,1442.0,1264609.0,,108969.0,97654.0,2231319.0,254.0,
2,全産業(資本金)100億円以上,5,1209.0,1196.0,3958213.0,,629.0,52.0,588.0,2913403.0,,373819.0,300548.0,11585458.0,271.0,
1,金融業，保険業を除く全産業,6,493852.0,10809.0,22310016.0,12558543.0,17693.0,3.6,16753.0,6425710.0,5235558.0,625901.0,522819.0,16107257.0,2250.0,3.08
2,金融業，保険業を除く全産業(資本金)1000万円～1億円未満,7,473036.0,3852.0,12503466.0,4043763.0,11295.0,2.4,10717.0,1033209.0,321292.0,51770.0,43472.0,551135.0,1110.0,1.72
2,金融業，保険業を除く全産業(資本金)1億円～10億円未満,8,16853.0,3291.0,4411643.0,2778472.0,4288.0,25.4,4024.0,1339552.0,793524.0,92066.0,81819.0,1751027.0,616.0,2.21
2,金融業，保険業を除く全産業(資本金)10億円～100億円未満,9,3002.0,2717.0,2119887.0,1742137.0,1498.0,49.9,1435.0,1260942.0,872043.0,108896.0,97608.0,2230584.0,254.0,2.56
2,金融業，保険業を除く全産業(資本金)100億円以上,10,961.0,949.0,3275020.0,3994171.0,612.0,63.7,577.0,2792008.0,3248699.0,373169.0,299919.0,11574511.0,270.0,3.56
2,農林水産業,11,5444.0,46.0,120935.0,40668.0,120.0,2.2,68.0,21794.0,6707.0,825.0,464.0,10293.0,2.0,1.53
3,農林水産業(資本金)1000万円～1億円未満,12,5224.0,30.0,86917.0,28354.0,10.0,0.2,10.0,1552.0,459.0,95.0,44.0,845.0,1.0,1.84
3,農林水産業(資本金)1億円～10億円未満,13,213.0,10.0,21098.0,8754.0,107.0,50.5,56.0,12970.0,,,,,1.0,1.69
3,農林水産業(資本金)10億円～100億円未満,14,7.0,6.0,12920.0,3560.0,3.0,42.9,2.0,7272.0,,,,,,0.93
3,農林水産業(資本金)100億円以上,15,,,,,,,,,,,,,,
2,鉱業，採石業，砂利採取業,16,797.0,44.0,16781.0,24108.0,6.0,0.8,5.0,4033.0,5259.0,96.0,61.0,7948.0,3.0,1.51
3,鉱業，採石業，砂利採取業(資本金)1000万円～1億円未満,17,741.0,13.0,10144.0,3187.0,2.0,0.3,2.0,87.0,,,,,,0.5
3,鉱業，採石業，砂利採取業(資本金)1億円～10億円未満,18,32.0,8.0,1598.0,1096.0,1.0,3.1,1.0,11.0,,,,,1.0,38.47
3,鉱業，採石業，砂利採取業(資本金)10億円～100億円未満,19,10.0,9.0,314.0,7350.0,,,,,,,,,,
3,鉱業，採石業，砂利採取業(資本金)100億円以上,20,14.0,14.0,4725.0,12475.0,3.0,21.4,2.0,3935.0,,,,,2.0,1.48
2,建設業,21,129897.0,298.0,2170185.0,1194722.0,342.0,0.3,335.0,426686.0,377663.0,6731.0,5867.0,177856.0,49.0,0.47
3,建設業(資本金)1000万円～1億円未満,22,128206.0,23.0,1391012.0,603874.0,9.0,0.0,9.0,653.0,267.0,39.0,29.0,450.0,1.0,1.68
3,建設業(資本金)1億円～10億円未満,23,1453.0,49.0,390197.0,217582.0,174.0,12.0,173.0,108634.0,52615.0,694.0,648.0,7512.0,6.0,0.14
3,建設業(資本金)10億円～100億円未満,24,189.0,178.0,195398.0,142532.0,116.0,61.4,112.0,133617.0,102937.0,1724.0,1578.0,33840.0,19.0,0.33
3,建設業(資本金)100億円以上,25,49.0,48.0,193578.0,230734.0,43.0,89.6,41.0,183781.0,221843.0,4274.0,3611.0,136054.0,22.0,0.61
2,製造業,26,132967.0,6404.0,9112384.0,5060578.0,13104.0,9.9,12618.0,4356176.0,3423403.0,520016.0,434383.0,13852715.0,1741.0,4.05
3,製造業(資本金)1000万円～1億円未満,27,125442.0,2697.0,4787896.0,1448044.0,8724.0,7.0,8286.0,837293.0,283411.0,41128.0,34880.0,423234.0,893.0,1.49
3,製造業(資本金)1億円～10億円未満,28,5761.0,2049.0,1509586.0,822704.0,2902.0,50.4,2872.0,868662.0,510127.0,67459.0,60378.0,1335884.0,473.0,2.62
3,製造業(資本金)10億円～100億円未満,29,1319.0,1217.0,939783.0,657727.0,1062.0,80.5,1048.0,803937.0,548965.0,81662.0,71999.0,1584105.0,186.0,2.89
3,製造業(資本金)100億円以上,30,445.0,441.0,1875119.0,2132103.0,416.0,93.4,412.0,1846284.0,2080900.0,329766.0,267126.0,10509493.0,188.0,5.05
3,食料品製造業,31,16203.0,536.0,1400824.0,693112.0,2414.0,14.9,2342.0,495307.0,338562.0,19246.0,16606.0,256810.0,102.0,0.76
4,食料品製造業(資本金)1000万円～1億円未満,32,15235.0,203.0,993151.0,365272.0,2038.0,13.4,1969.0,245655.0,111529.0,6080.0,5174.0,41149.0,73.0,0.37
4,食料品製造業(資本金)1億円～10億円未満,33,762.0,166.0,179474.0,109209.0,253.0,33.2,250.0,78912.0,46454.0,2946.0,2669.0,31530.0,13.0,0.68
4,食料品製造業(資本金)10億円～100億円未満,34,171.0,132.0,129762.0,95857.0,94.0,54.8,93.0,76499.0,63860.0,3618.0,3136.0,46597.0,8.0,0.73
4,食料品製造業(資本金)100億円以上,35,35.0,35.0,98437.0,122774.0,30.0,85.4,30.0,94241.0,116719.0,6603.0,5627.0,137534.0,8.0,1.18
3,繊維工業,36,8675.0,82.0,205584.0,54994.0,389.0,4.5,389.0,86964.0,40125.0,5779.0,4045.0,126566.0,19.0,3.15
4,繊維工業(資本金)1000万円～1億円未満,37,8476.0,20.0,139826.0,17038.0,268.0,3.2,268.0,31915.0,5263.0,406.0,137.0,1458.0,5.0,0.28
4,繊維工業(資本金)1億円～10億円未満,38,165.0,30.0,25515.0,7454.0,95.0,57.8,95.0,17457.0,6004.0,589.0,515.0,7458.0,2.0,1.24
4,繊維工業(資本金)10億円～100億円未満,39,25.0,23.0,10084.0,4602.0,19.0,78.0,19.0,9129.0,3929.0,547.0,439.0,6507.0,5.0,1.66
4,繊維工業(資本金)100億円以上,40,9.0,9.0,30159.0,25900.0,7.0,77.8,7.0,28462.0,24929.0,4236.0,2954.0,111143.0,6.0,4.46
3,パルプ・紙・紙加工品製造業,41,3862.0,83.0,179112.0,94671.0,129.0,3.3,128.0,55406.0,53608.0,2334.0,2203.0,38574.0,7.0,0.72
4,パルプ・紙・紙加工品製造業(資本金)1000万円～1億円未満,42,3692.0,28.0,116315.0,,61.0,1.6,61.0,13167.0,17203.0,120.0,120.0,1056.0,,0.06
4,パルプ・紙・紙加工品製造業(資本金)1億円～10億円未満,43,137.0,23.0,28570.0,14395.0,40.0,28.8,38.0,11731.0,7468.0,361.0,351.0,4834.0,2.0,0.65
4,パルプ・紙・紙加工品製造業(資本金)10億円～100億円未満,44,23.0,22.0,13374.0,8467.0,20.0,86.5,20.0,11984.0,,,,,2.0,1.24
4,パルプ・紙・紙加工品製造業(資本金)100億円以上,45,10.0,10.0,20854.0,,9.0,90.0,9.0,18525.0,,,,,3.0,1.09
3,印刷・同関連業,46,9313.0,45.0,211193.0,50156.0,78.0,0.8,78.0,31061.0,23643.0,1711.0,1710.0,32682.0,4.0,1.38
4,印刷・同関連業(資本金)1000万円～1億円未満,47,9135.0,15.0,139825.0,,3.0,0.0,3.0,476.0,165.0,13.0,12.0,201.0,,1.22
4,印刷・同関連業(資本金)1億円～10億円未満,48,162.0,16.0,49555.0,14074.0,68.0,41.9,68.0,13495.0,4847.0,351.0,351.0,3829.0,1.0,0.79
4,印刷・同関連業(資本金)10億円～100億円未満,49,14.0,12.0,8295.0,3757.0,5.0,33.3,5.0,3572.0,,,,,,0.76
4,印刷・同関連業(資本金)100億円以上,50,2.0,2.0,13518.0,,2.0,100.0,2.0,13518.0,,,,,2.0,1.63
3,医薬品製造業,51,744.0,433.0,228316.0,177647.0,372.0,50.0,354.0,186740.0,149982.0,24795.0,20979.0,1538588.0,65.0,10.26
4,医薬品製造業(資本金)1000万円～1億円未満,52,515.0,257.0,50301.0,19786.0,200.0,38.8,187.0,37419.0,14870.0,4026.0,3418.0,73962.0,26.0,4.97
4,医薬品製造業(資本金)1億円～10億円未満,53,147.0,97.0,51421.0,28946.0,100.0,68.4,97.0,35721.0,21218.0,3276.0,2844.0,126879.0,16.0,5.98
4,医薬品製造業(資本金)10億円～100億円未満,54,54.0,51.0,55727.0,43025.0,47.0,86.3,47.0,48102.0,36955.0,6634.0,5719.0,245433.0,17.0,6.64
4,医薬品製造業(資本金)100億円以上,55,28.0,28.0,70867.0,85891.0,25.0,89.3,23.0,65498.0,76938.0,10858.0,8997.0,1092314.0,6.0,14.2
3,化学工業,56,3685.0,586.0,434922.0,311460.0,1618.0,43.9,1466.0,351368.0,269514.0,47811.0,40407.0,1030041.0,193.0,3.82
4,化学工業(資本金)1000万円～1億円未満,57,2947.0,140.0,107047.0,32746.0,1084.0,36.8,935.0,47509.0,17696.0,4683.0,3998.0,47361.0,38.0,2.68
4,化学工業(資本金)1億円～10億円未満,58,514.0,232.0,92442.0,74357.0,340.0,66.1,338.0,76081.0,59829.0,8622.0,7530.0,130891.0,84.0,2.19
4,化学工業(資本金)10億円～100億円未満,59,171.0,162.0,68867.0,68952.0,144.0,84.4,144.0,63627.0,58824.0,8293.0,7246.0,159873.0,35.0,2.72
4,化学工業(資本金)100億円以上,60,53.0,52.0,166566.0,135405.0,49.0,92.3,49.0,164152.0,133165.0,26213.0,21634.0,691916.0,36.0,5.2
4,総合化学工業,61,1362.0,271.0,236744.0,203715.0,513.0,37.7,488.0,198850.0,177429.0,26547.0,20971.0,609088.0,105.0,3.43
5,総合化学工業(資本金)1000万円～1億円未満,62,966.0,52.0,35457.0,14828.0,221.0,22.9,197.0,12583.0,7075.0,1566.0,1310.0,18154.0,8.0,2.57
5,総合化学工業(資本金)1億円～10億円未満,63,261.0,89.0,38076.0,43573.0,179.0,68.5,178.0,26140.0,33893.0,3594.0,3138.0,50898.0,51.0,1.5
5,総合化学工業(資本金)10億円～100億円未満,64,98.0,93.0,31935.0,42309.0,80.0,81.4,80.0,29992.0,35252.0,3654.0,2922.0,71233.0,22.0,2.02
5,総合化学工業(資本金)100億円以上,65,37.0,37.0,131275.0,103006.0,34.0,91.9,34.0,130135.0,101208.0,17733.0,13601.0,468804.0,24.0,4.63
4,油脂･塗料製造業,66,783.0,115.0,58896.0,41433.0,324.0,41.4,283.0,45379.0,35665.0,7546.0,7245.0,133112.0,13.0,3.73
5,油脂･塗料製造業(資本金)1000万円～1億円未満,67,674.0,36.0,16153.0,6168.0,247.0,36.6,205.0,7006.0,4320.0,888.0,871.0,10277.0,,2.38
5,油脂･塗料製造業(資本金)1億円～10億円未満,68,79.0,50.0,13449.0,11170.0,51.0,64.6,51.0,12366.0,8776.0,1657.0,1478.0,23638.0,4.0,2.69
5,油脂･塗料製造業(資本金)10億円～100億円未満,69,24.0,23.0,12230.0,7506.0,21.0,86.9,21.0,10216.0,6423.0,1420.0,1351.0,20630.0,4.0,3.21
5,油脂･塗料製造業(資本金)100億円以上,70,6.0,6.0,17065.0,16588.0,5.0,83.1,5.0,15791.0,16146.0,3582.0,3545.0,78567.0,4.0,4.87
4,その他の化学工業,71,1539.0,200.0,139282.0,66312.0,780.0,50.6,694.0,107140.0,56420.0,13718.0,12191.0,287840.0,75.0,5.1
5,その他の化学工業(資本金)1000万円～1億円未満,72,1307.0,52.0,55437.0,11749.0,617.0,47.2,533.0,27921.0,6301.0,2229.0,1817.0,18931.0,30.0,3.0
5,その他の化学工業(資本金)1億円～10億円未満,73,174.0,93.0,40917.0,19614.0,110.0,63.3,109.0,37575.0,17160.0,3372.0,2914.0,56354.0,28.0,3.28
5,その他の化学工業(資本金)10億円～100億円未満,74,48.0,46.0,24701.0,19137.0,43.0,89.1,43.0,23419.0,17148.0,3220.0,2973.0,68010.0,9.0,3.97
5,その他の化学工業(資本金)100億円以上,75,10.0,9.0,18226.0,15811.0,10.0,100.0,10.0,18226.0,15811.0,4898.0,4488.0,144545.0,7.0,9.14
3,石油製品･石炭製品製造業,76,444.0,64.0,33025.0,252431.0,57.0,12.8,57.0,23477.0,218909.0,1897.0,1479.0,64814.0,5.0,0.3
4,石油製品･石炭製品製造業(資本金)1000万円～1億円未満,77,395.0,30.0,6719.0,4115.0,31.0,7.8,31.0,1524.0,1530.0,143.0,130.0,1950.0,,1.27
4,石油製品･石炭製品製造業(資本金)1億円～10億円未満,78,35.0,20.0,7325.0,50017.0,17.0,48.6,17.0,5140.0,28670.0,382.0,285.0,6392.0,2.0,0.22
4,石油製品･石炭製品製造業(資本金)10億円～100億円未満,79,9.0,9.0,3914.0,5795.0,6.0,66.7,6.0,2716.0,4348.0,240.0,200.0,3895.0,,0.9
4,石油製品･石炭製品製造業(資本金)100億円以上,80,5.0,5.0,15067.0,192504.0,3.0,60.0,3.0,14097.0,184361.0,1131.0,864.0,52577.0,3.0,0.29
3,プラスチック製品製造業,81,7829.0,194.0,401539.0,196219.0,576.0,7.4,456.0,159649.0,80368.0,13464.0,11477.0,208802.0,84.0,2.6
4,プラスチック製品製造業(資本金)1000万円～1億円未満,82,7446.0,32.0,259731.0,113019.0,336.0,4.5,215.0,39088.0,9218.0,1819.0,851.0,12051.0,14.0,1.31
4,プラスチック製品製造業(資本金)1億円～10億円未満,83,301.0,81.0,76904.0,37615.0,167.0,55.5,167.0,60171.0,28074.0,3755.0,3522.0,48225.0,58.0,1.72
4,プラスチック製品製造業(資本金)10億円～100億円未満,84,71.0,69.0,40871.0,23462.0,62.0,86.9,62.0,36357.0,20953.0,2851.0,2536.0,44489.0,9.0,2.12
4,プラスチック製品製造業(資本金)100億円以上,85,12.0,12.0,24033.0,22123.0,12.0,100.0,12.0,24033.0,22123.0,5040.0,4568.0,104037.0,3.0,4.7
3,ゴム製品製造業,86,1547.0,83.0,117757.0,54216.0,239.0,15.4,239.0,85045.0,48062.0,8567.0,6629.0,176150.0,26.0,3.67
4,ゴム製品製造業(資本金)1000万円～1億円未満,87,1459.0,25.0,46463.0,8803.0,169.0,11.6,169.0,16691.0,4068.0,551.0,483.0,3364.0,21.0,0.83
4,ゴム製品製造業(資本金)1億円～10億円未満,88,70.0,41.0,21329.0,9247.0,53.0,75.6,53.0,18974.0,8033.0,1703.0,1524.0,19170.0,1.0,2.39
4,ゴム製品製造業(資本金)10億円～100億円未満,89,9.0,8.0,6953.0,3225.0,8.0,87.1,8.0,6368.0,3021.0,793.0,679.0,8051.0,,2.67
4,ゴム製品製造業(資本金)100億円以上,90,9.0,9.0,43012.0,32941.0,9.0,100.0,9.0,43012.0,32941.0,5521.0,3942.0,145564.0,4.0,4.42
3,窯業・土石製品製造業,91,6195.0,192.0,260499.0,118487.0,381.0,6.2,381.0,97496.0,59746.0,10007.0,5904.0,195380.0,193.0,3.27
4,窯業・土石製品製造業(資本金)1000万円～1億円未満,92,5865.0,36.0,146247.0,48268.0,198.0,3.4,198.0,7887.0,2244.0,734.0,367.0,5927.0,164.0,2.64
4,窯業・土石製品製造業(資本金)1億円～10億円未満,93,251.0,85.0,44890.0,22765.0,120.0,47.8,120.0,24941.0,13079.0,1191.0,903.0,17959.0,16.0,1.37
4,窯業・土石製品製造業(資本金)10億円～100億円未満,94,66.0,59.0,34613.0,19447.0,50.0,76.0,50.0,29919.0,16417.0,1549.0,1122.0,27482.0,5.0,1.67
4,窯業・土石製品製造業(資本金)100億円以上,95,12.0,12.0,34749.0,28006.0,12.0,100.0,12.0,34749.0,28006.0,6533.0,3511.0,144012.0,8.0,5.14
3,鉄鋼業,96,2939.0,107.0,210662.0,220498.0,126.0,4.3,123.0,110385.0,151392.0,5650.0,3931.0,130793.0,62.0,0.86
4,鉄鋼業(資本金)1000万円～1億円未満,97,2665.0,23.0,78646.0,41226.0,11.0,0.4,11.0,3222.0,979.0,99.0,93.0,1051.0,1.0,1.07
4,鉄鋼業(資本金)1億円～10億円未満,98,213.0,25.0,31617.0,27483.0,66.0,31.0,66.0,11326.0,6013.0,389.0,355.0,4346.0,52.0,0.72
4,鉄鋼業(資本金)10億円～100億円未満,99,40.0,38.0,21799.0,23453.0,29.0,73.3,26.0,18048.0,17687.0,659.0,563.0,10471.0,2.0,0.59
4,鉄鋼業(資本金)100億円以上,100,21.0,21.0,78599.0,128337.0,20.0,95.2,20.0,77789.0,126714.0,4502.0,2920.0,114925.0,7.0,0.91
3,非鉄金属製造業,101,1833.0,133.0,145963.0,140513.0,162.0,8.8,149.0,76511.0,103963.0,6771.0,4519.0,148599.0,25.0,1.43
4,非鉄金属製造業(資本金)1000万円～1億円未満,102,1560.0,27.0,44674.0,12558.0,64.0,4.1,56.0,5469.0,2661.0,179.0,88.0,2398.0,,0.9
4,非鉄金属製造業(資本金)1億円～10億円未満,103,213.0,47.0,40226.0,23295.0,49.0,22.8,49.0,12933.0,13239.0,718.0,618.0,12545.0,8.0,0.95
4,非鉄金属製造業(資本金)10億円～100億円未満,104,46.0,44.0,19070.0,37464.0,34.0,75.0,29.0,16116.0,20868.0,917.0,662.0,15793.0,7.0,0.76
4,非鉄金属製造業(資本金)100億円以上,105,15.0,15.0,41993.0,67196.0,15.0,100.0,15.0,41993.0,67196.0,4957.0,3151.0,117863.0,10.0,1.75
3,金属製品製造業,106,16599.0,194.0,761796.0,278405.0,896.0,5.4,894.0,227809.0,97932.0,13742.0,12765.0,136594.0,15.0,1.39
4,金属製品製造業(資本金)1000万円～1億円未満,107,16128.0,49.0,558526.0,181769.0,622.0,3.9,622.0,65462.0,16731.0,4246.0,3766.0,23797.0,2.0,1.42
4,金属製品製造業(資本金)1億円～10億円未満,108,402.0,79.0,111748.0,45267.0,211.0,52.6,210.0,73330.0,31090.0,2979.0,2706.0,33170.0,5.0,1.07
4,金属製品製造業(資本金)10億円～100億円未満,109,58.0,54.0,38706.0,24356.0,50.0,86.8,50.0,36203.0,23098.0,1978.0,1901.0,33877.0,2.0,1.47
4,金属製品製造業(資本金)100億円以上,110,12.0,12.0,52815.0,27012.0,12.0,100.0,11.0,52815.0,27012.0,4540.0,4393.0,45750.0,5.0,1.69
3,はん用機械器具製造業,111,5443.0,187.0,467136.0,192546.0,503.0,9.2,478.0,230840.0,122668.0,17956.0,16591.0,351676.0,83.0,2.87
4,はん用機械器具製造業(資本金)1000万円～1億円未満,112,5100.0,35.0,226392.0,61328.0,281.0,5.5,269.0,31856.0,10922.0,1382.0,1209.0,19600.0,59.0,1.79
4,はん用機械器具製造業(資本金)1億円～10億円未満,113,254.0,65.0,93344.0,42330.0,145.0,57.2,132.0,57021.0,26542.0,1765.0,1695.0,27630.0,6.0,1.04
4,はん用機械器具製造業(資本金)10億円～100億円未満,114,69.0,66.0,59936.0,28259.0,56.0,81.5,56.0,55494.0,25262.0,3594.0,3420.0,58733.0,13.0,2.32
4,はん用機械器具製造業(資本金)100億円以上,115,21.0,21.0,87464.0,60630.0,20.0,95.2,20.0,86468.0,59942.0,11215.0,10267.0,245713.0,5.0,4.1
3,生産用機械器具製造業,116,13773.0,361.0,747684.0,282448.0,1103.0,8.0,1103.0,274432.0,168504.0,35953.0,31411.0,830066.0,135.0,4.93
4,生産用機械器具製造業(資本金)1000万円～1億円未満,117,13141.0,55.0,499147.0,99586.0,648.0,4.9,648.0,58814.0,13597.0,2797.0,2660.0,26686.0,89.0,1.96
4,生産用機械器具製造業(資本金)1億円～10億円未満,118,489.0,167.0,91663.0,40772.0,323.0,66.2,323.0,64010.0,30730.0,5080.0,4403.0,101112.0,25.0,3.29
4,生産用機械器具製造業(資本金)10億円～100億円未満,119,107.0,103.0,62673.0,44074.0,96.0,90.2,96.0,59444.0,42413.0,9050.0,8280.0,218157.0,10.0,5.14
4,生産用機械器具製造業(資本金)100億円以上,120,36.0,36.0,94201.0,98016.0,35.0,97.2,35.0,92165.0,81763.0,19027.0,16067.0,484111.0,11.0,5.92
3,業務用機械器具製造業,121,3580.0,958.0,368832.0,157447.0,944.0,26.4,924.0,211662.0,106257.0,37463.0,33450.0,777968.0,99.0,7.32
4,業務用機械器具製造業(資本金)1000万円～1億円未満,122,3312.0,796.0,174195.0,44565.0,771.0,23.3,752.0,59864.0,15852.0,6003.0,5216.0,76307.0,68.0,4.81
4,業務用機械器具製造業(資本金)1億円～10億円未満,123,206.0,102.0,75597.0,34049.0,112.0,54.5,112.0,32815.0,12019.0,4221.0,3890.0,67211.0,14.0,5.59
4,業務用機械器具製造業(資本金)10億円～100億円未満,124,43.0,42.0,33631.0,14230.0,43.0,100.0,42.0,33631.0,14230.0,3435.0,3076.0,67367.0,10.0,4.73
4,業務用機械器具製造業(資本金)100億円以上,125,19.0,18.0,85409.0,64603.0,18.0,94.4,18.0,85351.0,64157.0,23805.0,21268.0,567083.0,6.0,8.84
3,電子部品・デバイス・電子回路製造業,126,3091.0,488.0,612374.0,335220.0,530.0,17.2,526.0,246078.0,182261.0,49470.0,43204.0,1370590.0,104.0,7.52
4,電子部品・デバイス・電子回路製造業(資本金)1000万円～1億円未満,127,2646.0,113.0,297782.0,121463.0,284.0,10.7,284.0,31135.0,4905.0,1452.0,1233.0,18887.0,41.0,3.85
4,電子部品・デバイス・電子回路製造業(資本金)1億円～10億円未満,128,342.0,277.0,170267.0,92002.0,155.0,45.2,152.0,82984.0,62145.0,14023.0,12857.0,438420.0,42.0,7.05
4,電子部品・デバイス・電子回路製造業(資本金)10億円～100億円未満,129,63.0,58.0,40612.0,20220.0,56.0,89.7,55.0,32864.0,16651.0,5209.0,4630.0,90344.0,7.0,5.43
4,電子部品・デバイス・電子回路製造業(資本金)100億円以上,130,40.0,40.0,103713.0,101535.0,35.0,87.5,35.0,99095.0,98560.0,28786.0,24485.0,822940.0,14.0,8.35
3,電気機械器具製造業,131,6725.0,741.0,559859.0,244033.0,984.0,14.6,955.0,325231.0,200013.0,36176.0,31516.0,986053.0,204.0,4.93
4,電気機械器具製造業(資本金)1000万円～1億円未満,132,6311.0,507.0,248345.0,47599.0,687.0,10.9,658.0,46682.0,10680.0,2484.0,2240.0,25272.0,125.0,2.37
4,電気機械器具製造業(資本金)1億円～10億円未満,133,305.0,129.0,87403.0,31017.0,196.0,64.5,195.0,58113.0,25906.0,4106.0,3724.0,62281.0,44.0,2.4
4,電気機械器具製造業(資本金)10億円～100億円未満,134,74.0,70.0,55475.0,30091.0,67.0,91.4,67.0,53651.0,29142.0,6933.0,6192.0,109524.0,19.0,3.76
4,電気機械器具製造業(資本金)100億円以上,135,35.0,35.0,168636.0,135325.0,34.0,97.1,34.0,166785.0,134286.0,22653.0,19360.0,788977.0,17.0,5.88
4,電子応用・電気計測器製造業,136,1237.0,125.0,81212.0,33682.0,373.0,30.2,357.0,55937.0,28887.0,9959.0,8854.0,221356.0,125.0,7.66
5,電子応用・電気計測器製造業(資本金)1000万円～1億円未満,137,1123.0,60.0,33383.0,6558.0,280.0,25.0,264.0,13015.0,3146.0,869.0,806.0,8993.0,95.0,2.86
5,電子応用・電気計測器製造業(資本金)1億円～10億円未満,138,90.0,42.0,16618.0,5794.0,68.0,76.0,68.0,11710.0,4412.0,1535.0,1451.0,18937.0,22.0,4.29
5,電子応用・電気計測器製造業(資本金)10億円～100億円未満,139,20.0,18.0,15612.0,8578.0,20.0,100.0,20.0,15612.0,8578.0,2976.0,2692.0,48222.0,5.0,5.62
5,電子応用・電気計測器製造業(資本金)100億円以上,140,5.0,5.0,15600.0,12752.0,5.0,100.0,5.0,15600.0,12752.0,4580.0,3905.0,145204.0,3.0,11.39
4,その他の電気機械器具製造業,141,5487.0,616.0,478647.0,210351.0,611.0,11.1,598.0,269294.0,171126.0,26217.0,22662.0,764697.0,79.0,4.47
5,その他の電気機械器具製造業(資本金)1000万円～1億円未満,142,5189.0,447.0,214962.0,41042.0,406.0,7.8,394.0,33666.0,7534.0,1615.0,1434.0,16278.0,30.0,2.16
5,その他の電気機械器具製造業(資本金)1億円～10億円未満,143,215.0,87.0,70785.0,25223.0,128.0,59.6,127.0,46403.0,21494.0,2572.0,2273.0,43344.0,22.0,2.02
5,その他の電気機械器具製造業(資本金)10億円～100億円未満,144,54.0,52.0,39864.0,21513.0,48.0,88.3,48.0,38040.0,20564.0,3957.0,3500.0,61303.0,14.0,2.98
5,その他の電気機械器具製造業(資本金)100億円以上,145,30.0,30.0,153036.0,122573.0,29.0,96.7,29.0,151185.0,121534.0,18073.0,15455.0,643773.0,14.0,5.3
3,情報通信機械器具製造業,146,1317.0,272.0,295868.0,147737.0,339.0,25.7,337.0,215142.0,127247.0,41848.0,39056.0,858254.0,76.0,6.74
4,情報通信機械器具製造業(資本金)1000万円～1億円未満,147,1104.0,161.0,77434.0,16477.0,178.0,16.1,175.0,10339.0,2333.0,1840.0,1755.0,18514.0,19.0,7.94
4,情報通信機械器具製造業(資本金)1億円～10億円未満,148,155.0,57.0,43796.0,19256.0,106.0,68.4,106.0,32924.0,16030.0,4473.0,4076.0,90573.0,33.0,5.65
4,情報通信機械器具製造業(資本金)10億円～100億円未満,149,39.0,35.0,41540.0,28042.0,36.0,91.3,36.0,38780.0,24922.0,9184.0,8643.0,170223.0,12.0,6.83
4,情報通信機械器具製造業(資本金)100億円以上,150,20.0,19.0,133099.0,83962.0,20.0,100.0,20.0,133099.0,83962.0,26351.0,24582.0,578944.0,11.0,6.9
3,輸送用機械器具製造業,151,5906.0,511.0,1115472.0,937623.0,677.0,11.5,656.0,754426.0,809673.0,130063.0,97839.0,4436137.0,200.0,5.48
4,輸送用機械器具製造業(資本金)1000万円～1億円未満,152,5351.0,121.0,345019.0,104674.0,376.0,7.0,360.0,65541.0,17912.0,1897.0,1754.0,17904.0,147.0,1.0
4,輸送用機械器具製造業(資本金)1億円～10億円未満,153,388.0,230.0,128554.0,70419.0,159.0,40.9,156.0,67678.0,42566.0,4092.0,3526.0,63185.0,19.0,1.48
4,輸送用機械器具製造業(資本金)10億円～100億円未満,154,130.0,124.0,165168.0,116189.0,104.0,80.5,102.0,144475.0,102854.0,13068.0,10719.0,220750.0,15.0,2.15
4,輸送用機械器具製造業(資本金)100億円以上,155,37.0,36.0,476731.0,646340.0,37.0,100.0,37.0,476731.0,646340.0,111006.0,81840.0,4134299.0,19.0,6.4
4,自動車・同附属品製造業,156,3977.0,430.0,946240.0,866358.0,537.0,13.5,515.0,670635.0,762179.0,124894.0,93688.0,4338709.0,181.0,5.69
5,自動車・同附属品製造業(資本金)1000万円～1億円未満,157,3557.0,95.0,244969.0,79458.0,321.0,9.0,305.0,45035.0,14682.0,1523.0,1416.0,13311.0,145.0,0.91
5,自動車・同附属品製造業(資本金)1億円～10億円未満,158,289.0,209.0,115401.0,64340.0,107.0,37.2,104.0,59683.0,37889.0,3759.0,3220.0,57295.0,15.0,1.51
5,自動車・同附属品製造業(資本金)10億円～100億円未満,159,103.0,98.0,140950.0,100653.0,80.0,77.5,78.0,120996.0,87701.0,12125.0,9891.0,199178.0,7.0,2.27
5,自動車・同附属品製造業(資本金)100億円以上,160,29.0,28.0,444921.0,621908.0,29.0,100.0,29.0,444921.0,621908.0,107487.0,79161.0,4068925.0,13.0,6.54
4,その他の輸送用機械器具製造業,161,1929.0,81.0,169232.0,71266.0,140.0,7.3,140.0,83791.0,47493.0,5170.0,4151.0,97429.0,20.0,2.05
5,その他の輸送用機械器具製造業(資本金)1000万円～1億円未満,162,1794.0,26.0,100050.0,25217.0,56.0,3.1,56.0,20506.0,3230.0,375.0,338.0,4593.0,1.0,1.42
5,その他の輸送用機械器具製造業(資本金)1億円～10億円未満,163,100.0,21.0,13153.0,6079.0,52.0,51.8,52.0,7995.0,4677.0,333.0,306.0,5890.0,4.0,1.26
5,その他の輸送用機械器具製造業(資本金)10億円～100億円未満,164,27.0,26.0,24219.0,15537.0,25.0,92.2,25.0,23480.0,15153.0,942.0,829.0,21572.0,8.0,1.42
5,その他の輸送用機械器具製造業(資本金)100億円以上,165,8.0,8.0,31810.0,24433.0,8.0,100.0,8.0,31810.0,24433.0,3519.0,2679.0,65373.0,6.0,2.68
3,その他の製造業,166,13264.0,154.0,353966.0,120717.0,588.0,4.4,587.0,111146.0,70974.0,9313.0,8662.0,157578.0,39.0,2.22
4,その他の製造業(資本金)1000万円～1億円未満,167,12959.0,24.0,232110.0,42927.0,414.0,3.2,414.0,17578.0,3053.0,174.0,174.0,4340.0,2.0,1.42
4,その他の製造業(資本金)1億円～10億円未満,168,252.0,80.0,57946.0,28736.0,127.0,50.3,127.0,32904.0,20173.0,2437.0,2034.0,38244.0,29.0,1.9
4,その他の製造業(資本金)10億円～100億円未満,169,39.0,36.0,28712.0,14761.0,35.0,89.1,35.0,26957.0,13840.0,2345.0,2130.0,35468.0,5.0,2.56
4,その他の製造業(資本金)100億円以上,170,14.0,14.0,35198.0,34293.0,12.0,85.7,11.0,33707.0,33908.0,4357.0,4324.0,79526.0,3.0,2.35
2,電気･ガス･熱供給･水道業,171,1660.0,138.0,149144.0,350876.0,32.0,1.9,27.0,119481.0,316061.0,1786.0,1376.0,46553.0,18.0,0.15
3,電気･ガス･熱供給･水道業(資本金)1000万円～1億円未満,172,1203.0,13.0,10218.0,4188.0,1.0,0.1,1.0,15.0,,,,,1.0,10.0
3,電気･ガス･熱供給･水道業(資本金)1億円～10億円未満,173,343.0,13.0,10160.0,5288.0,2.0,0.6,1.0,1878.0,,,,,1.0,0.17
3,電気･ガス･熱供給･水道業(資本金)10億円～100億円未満,174,74.0,72.0,15138.0,25302.0,6.0,8.2,5.0,8191.0,,,,,1.0,0.18
3,電気･ガス･熱供給･水道業(資本金)100億円以上,175,40.0,40.0,113629.0,316099.0,23.0,57.4,20.0,109397.0,,,,,15.0,0.15
2,情報通信業,176,28275.0,1022.0,2498063.0,926740.0,1289.0,4.6,1101.0,662001.0,436481.0,39835.0,31347.0,575331.0,47.0,1.32
3,情報通信業(資本金)1000万円～1億円未満,177,25425.0,187.0,1367262.0,273457.0,674.0,2.7,579.0,124172.0,21392.0,3068.0,2301.0,24459.0,1.0,1.14
3,情報通信業(資本金)1億円～10億円未満,178,2414.0,457.0,582824.0,230134.0,474.0,19.6,397.0,182128.0,91471.0,10925.0,10184.0,165888.0,30.0,1.81
3,情報通信業(資本金)10億円～100億円未満,179,369.0,313.0,288709.0,124067.0,100.0,26.9,87.0,121037.0,47360.0,6669.0,6418.0,76702.0,8.0,1.62
3,情報通信業(資本金)100億円以上,180,66.0,65.0,259267.0,299082.0,42.0,63.2,39.0,234664.0,276258.0,19174.0,12444.0,308282.0,8.0,1.12
3,通信業,181,584.0,60.0,107257.0,213688.0,49.0,8.4,46.0,73212.0,178463.0,9228.0,3010.0,164520.0,5.0,0.92
4,通信業(資本金)1000万円～1億円未満,182,441.0,7.0,7055.0,8159.0,,,,,,,,,,
4,通信業(資本金)1億円～10億円未満,183,99.0,11.0,16810.0,13781.0,33.0,33.6,33.0,8654.0,,,,,1.0,0.83
4,通信業(資本金)10億円～100億円未満,184,31.0,29.0,18988.0,16666.0,6.0,21.0,5.0,2341.0,,,,,,1.44
4,通信業(資本金)100億円以上,185,13.0,13.0,64404.0,175083.0,9.0,69.2,7.0,62216.0,,,,,4.0,0.92
3,放送業,186,754.0,122.0,40553.0,35616.0,51.0,6.7,5.0,15297.0,16895.0,23.0,19.0,1457.0,1.0,0.09
4,放送業(資本金)1000万円～1億円未満,187,367.0,8.0,4746.0,857.0,,,,,,,,,,
4,放送業(資本金)1億円～10億円未満,188,296.0,28.0,14418.0,9874.0,47.0,15.7,1.0,5834.0,,,,,,0.01
4,放送業(資本金)10億円～100億円未満,189,86.0,81.0,12673.0,18217.0,2.0,2.3,2.0,2480.0,,,,,,0.05
4,放送業(資本金)100億円以上,190,5.0,5.0,8716.0,6668.0,2.0,40.0,2.0,6983.0,,,,,1.0,0.23
3,情報サービス業,191,17858.0,623.0,1732678.0,501849.0,1014.0,5.7,877.0,508108.0,209594.0,27684.0,25552.0,372714.0,37.0,1.78
4,情報サービス業(資本金)1000万円～1億円未満,192,16282.0,97.0,985359.0,188332.0,574.0,3.5,478.0,113148.0,17924.0,1493.0,804.0,12010.0,,0.67
4,情報サービス業(資本金)1億円～10億円未満,193,1374.0,351.0,414648.0,155304.0,334.0,24.3,302.0,153407.0,74169.0,9828.0,9106.0,148612.0,28.0,2.0
4,情報サービス業(資本金)10億円～100億円未満,194,168.0,143.0,186946.0,67047.0,81.0,48.1,72.0,104728.0,34438.0,6354.0,6111.0,73023.0,6.0,2.12
4,情報サービス業(資本金)100億円以上,195,33.0,32.0,145724.0,91165.0,26.0,77.9,25.0,136825.0,83063.0,10009.0,9531.0,139068.0,3.0,1.67
3,インターネット附随・その他の情報通信業,196,9079.0,217.0,617576.0,175587.0,176.0,1.9,173.0,65384.0,31529.0,2900.0,2765.0,36640.0,4.0,1.16
4,インターネット附随・その他の情報通信業(資本金)1000万円～1億円未満,197,8335.0,75.0,370102.0,76109.0,101.0,1.2,101.0,11024.0,3468.0,1575.0,1497.0,12449.0,1.0,3.59
4,インターネット附随・その他の情報通信業(資本金)1億円～10億円未満,198,645.0,67.0,136948.0,51175.0,60.0,9.3,60.0,14233.0,4742.0,996.0,976.0,12070.0,1.0,2.55
4,インターネット附随・その他の情報通信業(資本金)10億円～100億円未満,199,84.0,60.0,70102.0,22136.0,10.0,11.8,8.0,11487.0,6019.0,139.0,135.0,1758.0,2.0,0.29
4,インターネット附随・その他の情報通信業(資本金)100億円以上,200,15.0,15.0,40423.0,26167.0,5.0,33.3,5.0,28640.0,17301.0,190.0,157.0,10364.0,,0.6
2,運輸業，郵便業,201,32485.0,304.0,2289650.0,712428.0,28.0,0.1,17.0,299020.0,135414.0,973.0,962.0,49026.0,6.0,0.36
3,運輸業，郵便業(資本金)1000万円～1億円未満,202,31070.0,13.0,1486835.0,337643.0,,,,,,,,,,
3,運輸業，郵便業(資本金)1億円～10億円未満,203,1164.0,45.0,204702.0,66093.0,,,,,,,,,,
3,運輸業，郵便業(資本金)10億円～100億円未満,204,179.0,174.0,120870.0,61471.0,14.0,8.0,10.0,33716.0,11544.0,128.0,121.0,1593.0,1.0,0.14
3,運輸業，郵便業(資本金)100億円以上,205,72.0,72.0,477244.0,247220.0,14.0,19.4,7.0,265304.0,123870.0,845.0,841.0,47433.0,5.0,0.38
2,卸売業,206,102105.0,982.0,2479854.0,3599607.0,596.0,0.6,479.0,235275.0,374022.0,17565.0,15676.0,431135.0,47.0,1.15
3,卸売業(資本金)1000万円～1億円未満,207,98271.0,49.0,1101148.0,1072095.0,83.0,0.1,83.0,6344.0,4834.0,725.0,622.0,4311.0,,0.89
3,卸売業(資本金)1億円～10億円未満,208,3323.0,448.0,953034.0,1333350.0,385.0,11.6,290.0,105508.0,117735.0,4298.0,3725.0,53283.0,25.0,0.45
3,卸売業(資本金)10億円～100億円未満,209,429.0,405.0,283954.0,626164.0,103.0,23.9,87.0,65640.0,100727.0,9144.0,8804.0,250962.0,15.0,2.49
3,卸売業(資本金)100億円以上,210,82.0,80.0,141718.0,567998.0,26.0,31.2,19.0,57783.0,150726.0,3398.0,2525.0,122580.0,7.0,0.81
2,金融業，保険業,211,8622.0,545.0,845264.0,,31.0,0.4,21.0,129661.0,,808.0,729.0,12617.0,1.0,
3,金融業，保険業(資本金)1000万円～1億円未満,212,7052.0,19.0,44495.0,,,,,,,,,,,
3,金融業，保険業(資本金)1億円～10億円未満,213,1063.0,42.0,62593.0,,2.0,0.2,2.0,4598.0,,,,,,
3,金融業，保険業(資本金)10億円～100億円未満,214,259.0,237.0,54984.0,,12.0,4.7,8.0,3667.0,,72.0,45.0,735.0,,
3,金融業，保険業(資本金)100億円以上,215,248.0,247.0,683193.0,,17.0,6.9,11.0,121396.0,,,,,1.0,
2,学術研究，専門・技術サービス業,216,35210.0,1463.0,1862126.0,471940.0,2146.0,6.1,2076.0,242379.0,138227.0,37559.0,32215.0,950044.0,328.0,6.87
3,学術研究，専門・技術サービス業(資本金)1000万円～1億円未満,217,33472.0,803.0,1431924.0,191455.0,1783.0,5.3,1738.0,62667.0,10726.0,6652.0,5538.0,97338.0,209.0,9.07
3,学術研究，専門・技術サービス業(資本金)1億円～10億円未満,218,1188.0,192.0,211794.0,48310.0,237.0,19.9,229.0,55006.0,13962.0,7912.0,6426.0,178492.0,77.0,12.78
3,学術研究，専門・技術サービス業(資本金)10億円～100億円未満,219,367.0,288.0,103398.0,59982.0,86.0,23.3,77.0,65574.0,38551.0,9267.0,8422.0,278285.0,21.0,7.22
3,学術研究，専門・技術サービス業(資本金)100億円以上,220,183.0,180.0,115009.0,172193.0,40.0,22.1,32.0,59132.0,74988.0,13728.0,11830.0,395929.0,21.0,5.28
3,学術・開発研究機関,221,870.0,549.0,36598.0,26325.0,413.0,47.4,386.0,24972.0,23477.0,16787.0,13194.0,546360.0,169.0,23.27
4,学術・開発研究機関(資本金)1000万円～1億円未満,222,698.0,422.0,14870.0,,281.0,40.2,262.0,5833.0,1519.0,3654.0,2801.0,68732.0,110.0,45.26
4,学術・開発研究機関(資本金)1億円～10億円未満,223,147.0,107.0,10384.0,3687.0,108.0,73.8,101.0,7817.0,,,,,49.0,47.13
4,学術・開発研究機関(資本金)10億円～100億円未満,224,23.0,19.0,8852.0,5296.0,22.0,94.8,22.0,8830.0,5291.0,6950.0,6333.0,239863.0,10.0,45.33
4,学術・開発研究機関(資本金)100億円以上,225,1.0,1.0,2492.0,,1.0,100.0,1.0,2492.0,,,,,1.0,8.68
3,専門サービス業(他に分類されないもの),226,14896.0,528.0,316320.0,198890.0,797.0,5.4,782.0,43057.0,44208.0,11665.0,10827.0,251382.0,20.0,5.69
4,専門サービス業(他に分類されないもの)(資本金)1000万円～1億円未満,227,13747.0,88.0,129836.0,22373.0,732.0,5.3,732.0,1815.0,461.0,797.0,786.0,5447.0,1.0,11.82
4,専門サービス業(他に分類されないもの)(資本金)1億円～10億円未満,228,680.0,46.0,57615.0,17372.0,6.0,0.9,6.0,683.0,119.0,245.0,75.0,3824.0,3.0,32.18
4,専門サービス業(他に分類されないもの)(資本金)10億円～100億円未満,229,297.0,225.0,46481.0,26931.0,28.0,9.5,22.0,13772.0,8514.0,614.0,498.0,10316.0,3.0,1.21
4,専門サービス業(他に分類されないもの)(資本金)100億円以上,230,172.0,169.0,82388.0,132215.0,30.0,17.7,22.0,26786.0,35114.0,10009.0,9468.0,231795.0,12.0,6.6
3,技術サービス業(他に分類されないもの),231,19445.0,386.0,1509208.0,246725.0,936.0,4.8,907.0,174351.0,70541.0,9108.0,8194.0,152302.0,139.0,2.16
4,技術サービス業(他に分類されないもの)(資本金)1000万円～1億円未満,232,19026.0,293.0,1287219.0,,769.0,4.0,744.0,55019.0,8747.0,2202.0,1951.0,23159.0,97.0,2.65
4,技術サービス業(他に分類されないもの)(資本金)1億円～10億円未満,233,362.0,39.0,143795.0,27252.0,122.0,33.9,121.0,46506.0,,,,,25.0,5.3
4,技術サービス業(他に分類されないもの)(資本金)10億円～100億円未満,234,47.0,44.0,48066.0,27755.0,35.0,74.8,33.0,42972.0,24745.0,1703.0,1590.0,28106.0,8.0,1.14
4,技術サービス業(他に分類されないもの)(資本金)100億円以上,235,10.0,10.0,30129.0,,9.0,90.0,9.0,29854.0,,,,,8.0,1.58
2,サービス業(他に分類されないもの),236,25011.0,108.0,1610894.0,176876.0,29.0,0.1,27.0,58866.0,22321.0,515.0,469.0,6356.0,10.0,0.28
3,サービス業(他に分類されないもの)(資本金)1000万円～1億円未満,237,23981.0,24.0,830110.0,81466.0,9.0,0.0,9.0,427.0,162.0,56.0,55.0,470.0,4.0,2.91
3,サービス業(他に分類されないもの)(資本金)1億円～10億円未満,238,961.0,20.0,526651.0,45161.0,6.0,0.6,6.0,4754.0,875.0,120.0,103.0,1361.0,2.0,1.55
3,サービス業(他に分類されないもの)(資本金)10億円～100億円未満,239,60.0,55.0,159402.0,33982.0,10.0,16.2,8.0,21958.0,11585.0,153.0,129.0,2166.0,3.0,0.19
3,サービス業(他に分類されないもの)(資本金)100億円以上,240,9.0,9.0,94730.0,16266.0,4.0,44.4,4.0,31727.0,9699.0,185.0,182.0,2359.0,1.0,0.24
