region,region_label,industry_code_4d,employment,employment_japan,lq,is_hightech,hightech_category
tokyo_ma,Tokyo Metropolitan Area,0911,6672.0,43823.0,0.9692946825624545,False,
tokyo_ma,Tokyo Metropolitan Area,0912,7434.0,37235.0,1.2710806167614397,False,
tokyo_ma,Tokyo Metropolitan Area,0913,3231.0,18677.0,1.1013661808975654,False,
tokyo_ma,Tokyo Metropolitan Area,0914,5402.0,23272.0,1.4778241830800176,False,
tokyo_ma,Tokyo Metropolitan Area,0919,4265.0,41997.0,0.6465508168054113,False,
tokyo_ma,Tokyo Metropolitan Area,0921,202.0,4557.0,0.282211195379929,False,
tokyo_ma,Tokyo Metropolitan Area,0922,1251.0,15432.0,0.5161037236821351,False,
tokyo_ma,Tokyo Metropolitan Area,0923,2226.0,20322.0,0.6973657444385359,False,
tokyo_ma,Tokyo Metropolitan Area,0924,787.0,12360.0,0.40537611764697956,False,
tokyo_ma,Tokyo Metropolitan Area,0925,1717.0,15975.0,0.6842760280090054,False,
tokyo_ma,Tokyo Metropolitan Area,0926,2134.0,16778.0,0.8097596317835717,False,
tokyo_ma,Tokyo Metropolitan Area,0929,2260.0,42632.0,0.33750066226489106,False,
tokyo_ma,Tokyo Metropolitan Area,0931,2076.0,20371.0,0.6488090481982479,False,
tokyo_ma,Tokyo Metropolitan Area,0932,3085.0,21725.0,0.9040600548060131,False,
tokyo_ma,Tokyo Metropolitan Area,0941,151.0,5075.0,0.18942739991152205,False,
tokyo_ma,Tokyo Metropolitan Area,0942,924.0,6156.0,0.9555980558515037,False,
tokyo_ma,Tokyo Metropolitan Area,0943,1683.0,6952.0,1.5412612158007701,False,
tokyo_ma,Tokyo Metropolitan Area,0944,50.0,1807.0,0.17616261531699287,False,
tokyo_ma,Tokyo Metropolitan Area,0949,7568.0,31559.0,1.5267213800204296,False,
tokyo_ma,Tokyo Metropolitan Area,0951,53.0,2026.0,0.16654757977812165,False,
tokyo_ma,Tokyo Metropolitan Area,0952,734.0,1697.0,2.753696769290627,False,
tokyo_ma,Tokyo Metropolitan Area,0953,89.0,2623.0,0.2160198267870739,False,
tokyo_ma,Tokyo Metropolitan Area,0961,1367.0,8018.0,1.0854363465077599,False,
tokyo_ma,Tokyo Metropolitan Area,0962,701.0,3468.0,1.2868882235313845,False,
tokyo_ma,Tokyo Metropolitan Area,0969,475.0,4120.0,0.734003770834747,False,
tokyo_ma,Tokyo Metropolitan Area,0971,23639.0,79813.0,1.885633836769814,False,
tokyo_ma,Tokyo Metropolitan Area,0972,12438.0,71274.0,1.1110185680691842,False,
tokyo_ma,Tokyo Metropolitan Area,0973,4511.0,23026.0,1.2472577875052406,False,
tokyo_ma,Tokyo Metropolitan Area,0974,2674.0,16753.0,1.0161801610186278,False,
tokyo_ma,Tokyo Metropolitan Area,0979,11889.0,48963.0,1.5458921968185106,False,
tokyo_ma,Tokyo Metropolitan Area,0981,1537.0,6598.0,1.4830761597883844,False,
tokyo_ma,Tokyo Metropolitan Area,0982,1549.0,3847.0,2.5634870562241834,False,
tokyo_ma,Tokyo Metropolitan Area,0991,15.0,1203.0,0.07938300395955265,False,
tokyo_ma,Tokyo Metropolitan Area,0992,7487.0,46534.0,1.0243287093682616,False,
tokyo_ma,Tokyo Metropolitan Area,0993,1634.0,18607.0,0.5590846801357932,False,
tokyo_ma,Tokyo Metropolitan Area,0994,389.0,3835.0,0.6457822896817031,False,
tokyo_ma,Tokyo Metropolitan Area,0995,7017.0,54988.0,0.8124290610768041,False,
tokyo_ma,Tokyo Metropolitan Area,0996,17838.0,66712.0,1.7023313463149974,False,
tokyo_ma,Tokyo Metropolitan Area,0997,38242.0,125973.0,1.9327025629395285,False,
tokyo_ma,Tokyo Metropolitan Area,0998,564.0,9146.0,0.3925995562542809,False,
tokyo_ma,Tokyo Metropolitan Area,0999,18245.0,108525.0,1.0703257420945536,False,
tokyo_ma,Tokyo Metropolitan Area,1011,5458.0,31442.0,1.1051602740290476,False,
tokyo_ma,Tokyo Metropolitan Area,1021,237.0,2507.0,0.6018605941207822,False,
tokyo_ma,Tokyo Metropolitan Area,1022,717.0,4195.0,1.0881508056943359,False,
tokyo_ma,Tokyo Metropolitan Area,1023,848.0,15901.0,0.3395262150863211,False,
tokyo_ma,Tokyo Metropolitan Area,1024,963.0,11236.0,0.5456528828414512,False,
tokyo_ma,Tokyo Metropolitan Area,1031,323.0,12572.0,0.1635686417730375,False,
tokyo_ma,Tokyo Metropolitan Area,1032,1256.0,4527.0,1.7663674063288026,False,
tokyo_ma,Tokyo Metropolitan Area,1041,553.0,1795.0,1.9613837634587943,False,
tokyo_ma,Tokyo Metropolitan Area,1051,0.0,1264.0,0.0,False,
tokyo_ma,Tokyo Metropolitan Area,1052,0.0,119.0,0.0,False,
tokyo_ma,Tokyo Metropolitan Area,1061,772.0,10720.0,0.45848424070460125,False,
tokyo_ma,Tokyo Metropolitan Area,1062,312.0,2613.0,0.7601811244843131,False,
tokyo_ma,Tokyo Metropolitan Area,1063,156.0,3989.0,0.24897885162666208,False,
tokyo_ma,Tokyo Metropolitan Area,1111,0.0,160.0,0.0,False,
tokyo_ma,Tokyo Metropolitan Area,1112,124.0,9732.0,0.0811187934419399,False,
tokyo_ma,Tokyo Metropolitan Area,1113,0.0,2679.0,0.0,False,
tokyo_ma,Tokyo Metropolitan Area,1114,0.0,1129.0,0.0,False,
tokyo_ma,Tokyo Metropolitan Area,1115,20.0,1456.0,0.08745215546093574,False,
tokyo_ma,Tokyo Metropolitan Area,1116,29.0,910.0,0.2028890006693709,False,
tokyo_ma,Tokyo Metropolitan Area,1117,116.0,2670.0,0.27659773874026594,False,
tokyo_ma,Tokyo Metropolitan Area,1118,0.0,1254.0,0.0,False,
tokyo_ma,Tokyo Metropolitan Area,1119,0.0,180.0,0.0,False,
tokyo_ma,Tokyo Metropolitan Area,1121,37.0,4363.0,0.0539906316638956,False,
tokyo_ma,Tokyo Metropolitan Area,1122,39.0,6766.0,0.0366973336956383,False,
tokyo_ma,Tokyo Metropolitan Area,1123,0.0,1584.0,0.0,False,
tokyo_ma,Tokyo Metropolitan Area,1124,7.0,86.0,0.518204865382475,False,
tokyo_ma,Tokyo Metropolitan Area,1125,46.0,2652.0,0.11042978062126003,False,
tokyo_ma,Tokyo Metropolitan Area,1129,0.0,375.0,0.0,False,
tokyo_ma,Tokyo Metropolitan Area,1131,85.0,2107.0,0.25683623065603717,False,
tokyo_ma,Tokyo Metropolitan Area,1132,21.0,1682.0,0.07948683428577798,False,
tokyo_ma,Tokyo Metropolitan Area,1133,57.0,346.0,1.048819260984679,False,
tokyo_ma,Tokyo Metropolitan Area,1141,55.0,3022.0,0.11586976521031989,False,
tokyo_ma,Tokyo Metropolitan Area,1142,12.0,3985.0,0.01917144366641743,False,
tokyo_ma,Tokyo Metropolitan Area,1143,23.0,1115.0,0.1313272548016061,False,
tokyo_ma,Tokyo Metropolitan Area,1144,17.0,1364.0,0.07934808474959976,False,
tokyo_ma,Tokyo Metropolitan Area,1145,277.0,2667.0,0.6612392898999047,False,
tokyo_ma,Tokyo Metropolitan Area,1146,19.0,2175.0,0.05561555008439831,False,
tokyo_ma,Tokyo Metropolitan Area,1147,45.0,3161.0,0.09063374289466165,False,
tokyo_ma,Tokyo Metropolitan Area,1148,225.0,2075.0,0.6903452079277723,False,
tokyo_ma,Tokyo Metropolitan Area,1151,13.0,1568.0,0.05278362240320764,False,
tokyo_ma,Tokyo Metropolitan Area,1152,20.0,2229.0,0.05712442276856099,False,
tokyo_ma,Tokyo Metropolitan Area,1153,43.0,1036.0,0.2642473237981788,False,
tokyo_ma,Tokyo Metropolitan Area,1154,26.0,1073.0,0.15426788430238506,False,
tokyo_ma,Tokyo Metropolitan Area,1155,102.0,796.0,0.8158099567722668,False,
tokyo_ma,Tokyo Metropolitan Area,1156,0.0,204.0,0.0,False,
tokyo_ma,Tokyo Metropolitan Area,1157,917.0,9440.0,0.6184423743007376,False,
tokyo_ma,Tokyo Metropolitan Area,1158,407.0,1525.0,1.6991294330789128,False,
tokyo_ma,Tokyo Metropolitan Area,1159,125.0,2387.0,0.3333953140739485,False,
tokyo_ma,Tokyo Metropolitan Area,1161,650.0,11236.0,0.3683015304744997,False,
tokyo_ma,Tokyo Metropolitan Area,1162,1185.0,19112.0,0.39474270339598183,False,
tokyo_ma,Tokyo Metropolitan Area,1163,72.0,651.0,0.7041309033241794,False,
tokyo_ma,Tokyo Metropolitan Area,1164,145.0,4640.0,0.19895365367362883,False,
tokyo_ma,Tokyo Metropolitan Area,1165,994.0,15805.0,0.4003997352768608,False,
tokyo_ma,Tokyo Metropolitan Area,1166,55.0,1656.0,0.21144832757583737,False,
tokyo_ma,Tokyo Metropolitan Area,1167,881.0,6400.0,0.8763908444323348,False,
tokyo_ma,Tokyo Metropolitan Area,1168,102.0,4143.0,0.15674263229319924,False,
tokyo_ma,Tokyo Metropolitan Area,1169,415.0,5576.0,0.4738351005713398,False,
tokyo_ma,Tokyo Metropolitan Area,1171,7.0,1057.0,0.04216236369242465,False,
tokyo_ma,Tokyo Metropolitan Area,1172,40.0,3828.0,0.06652577761291663,False,
tokyo_ma,Tokyo Metropolitan Area,1173,7.0,620.0,0.07188002971434332,False,
tokyo_ma,Tokyo Metropolitan Area,1174,19.0,2504.0,0.04830823539679166,False,
tokyo_ma,Tokyo Metropolitan Area,1181,293.0,3214.0,0.5803949772383148,False,
tokyo_ma,Tokyo Metropolitan Area,1182,65.0,413.0,1.0019941879930943,False,
tokyo_ma,Tokyo Metropolitan Area,1183,117.0,621.0,1.199488694612023,False,
tokyo_ma,Tokyo Metropolitan Area,1184,47.0,5791.0,0.05167091955191464,False,
tokyo_ma,Tokyo Metropolitan Area,1185,0.0,1285.0,0.0,False,
tokyo_ma,Tokyo Metropolitan Area,1186,257.0,1608.0,1.0175341093357733,False,
tokyo_ma,Tokyo Metropolitan Area,1189,161.0,1887.0,0.5431951371099817,False,
tokyo_ma,Tokyo Metropolitan Area,1191,793.0,6316.0,0.799342608553199,False,
tokyo_ma,Tokyo Metropolitan Area,1192,0.0,284.0,0.0,False,
tokyo_ma,Tokyo Metropolitan Area,1193,254.0,3606.0,0.44844572852447445,False,
tokyo_ma,Tokyo Metropolitan Area,1194,542.0,4560.0,0.7567219669551356,False,
tokyo_ma,Tokyo Metropolitan Area,1195,64.0,1139.0,0.35773229387497085,False,
tokyo_ma,Tokyo Metropolitan Area,1196,399.0,2621.0,0.9691874285024389,False,
tokyo_ma,Tokyo Metropolitan Area,1197,211.0,3058.0,0.43928550346773765,False,
tokyo_ma,Tokyo Metropolitan Area,1198,372.0,4761.0,0.49744681649461825,False,
tokyo_ma,Tokyo Metropolitan Area,1199,1797.0,21498.0,0.53217187184149,False,
tokyo_ma,Tokyo Metropolitan Area,1211,685.0,24033.0,0.18146149413414653,False,
tokyo_ma,Tokyo Metropolitan Area,1212,4.0,1213.0,0.020994284971330983,False,
tokyo_ma,Tokyo Metropolitan Area,1213,263.0,4282.0,0.39103081488025687,False,
tokyo_ma,Tokyo Metropolitan Area,1219,31.0,1057.0,0.18671903920930916,False,
tokyo_ma,Tokyo Metropolitan Area,1221,409.0,6031.0,0.43175351007800594,False,
tokyo_ma,Tokyo Metropolitan Area,1222,516.0,7450.0,0.44095607106831664,False,
tokyo_ma,Tokyo Metropolitan Area,1223,340.0,5281.0,0.409887474336126,False,
tokyo_ma,Tokyo Metropolitan Area,1224,1902.0,17989.0,0.6731399842788228,False,
tokyo_ma,Tokyo Metropolitan Area,1225,8.0,1084.0,0.046985364705211224,False,
tokyo_ma,Tokyo Metropolitan Area,1226,0.0,1252.0,0.0,False,
tokyo_ma,Tokyo Metropolitan Area,1227,19.0,174.0,0.6951943760549789,False,
tokyo_ma,Tokyo Metropolitan Area,1228,4.0,3445.0,0.007392182197452681,False,
tokyo_ma,Tokyo Metropolitan Area,1231,0.0,63.0,0.0,False,
tokyo_ma,Tokyo Metropolitan Area,1232,754.0,5100.0,0.941245834477905,False,
tokyo_ma,Tokyo Metropolitan Area,1233,0.0,270.0,0.0,False,
tokyo_ma,Tokyo Metropolitan Area,1291,36.0,526.0,0.43573119587836573,False,
tokyo_ma,Tokyo Metropolitan Area,1292,0.0,72.0,0.0,False,
tokyo_ma,Tokyo Metropolitan Area,1299,776.0,6745.0,0.7324562087507117,False,
tokyo_ma,Tokyo Metropolitan Area,1311,4817.0,38664.0,0.7931800122043202,False,
tokyo_ma,Tokyo Metropolitan Area,1312,3478.0,16351.0,1.354213555088997,False,
tokyo_ma,Tokyo Metropolitan Area,1313,267.0,1190.0,1.428453795787802,False,
tokyo_ma,Tokyo Metropolitan Area,1321,163.0,3214.0,0.3228818474056154,False,
tokyo_ma,Tokyo Metropolitan Area,1331,1450.0,11812.0,0.7815314536451384,False,
tokyo_ma,Tokyo Metropolitan Area,1391,1392.0,6885.0,1.2871737907390155,False,
tokyo_ma,Tokyo Metropolitan Area,1392,758.0,2914.0,1.6560809277651132,False,
tokyo_ma,Tokyo Metropolitan Area,1393,326.0,1189.0,1.7455715013652615,False,
tokyo_ma,Tokyo Metropolitan Area,1399,1175.0,3859.0,1.938496340536005,False,
tokyo_ma,Tokyo Metropolitan Area,1411,428.0,2344.0,1.162486877437722,False,
tokyo_ma,Tokyo Metropolitan Area,1421,450.0,22081.0,0.12974650663014606,False,
tokyo_ma,Tokyo Metropolitan Area,1422,668.0,8252.0,0.5153700073833604,False,
tokyo_ma,Tokyo Metropolitan Area,1424,58.0,253.0,1.4595177123251188,False,
tokyo_ma,Tokyo Metropolitan Area,1431,1229.0,6726.0,1.1633139000411052,False,
tokyo_ma,Tokyo Metropolitan Area,1432,755.0,2815.0,1.7075382851704697,False,
tokyo_ma,Tokyo Metropolitan Area,1433,237.0,1423.0,1.060340484512158,False,
tokyo_ma,Tokyo Metropolitan Area,1441,2434.0,8318.0,1.862960107878288,False,
tokyo_ma,Tokyo Metropolitan Area,1442,299.0,2521.0,0.7550926451206983,False,
tokyo_ma,Tokyo Metropolitan Area,1449,1199.0,6767.0,1.1280410498226379,False,
tokyo_ma,Tokyo Metropolitan Area,1451,512.0,3554.0,0.9171797022478149,False,
tokyo_ma,Tokyo Metropolitan Area,1452,1133.0,2989.0,2.4132698787524545,False,
tokyo_ma,Tokyo Metropolitan Area,1453,9478.0,49333.0,1.2231538188352,False,
tokyo_ma,Tokyo Metropolitan Area,1454,6174.0,25931.0,1.5158256700085417,False,
tokyo_ma,Tokyo Metropolitan Area,1499,4366.0,35882.0,0.7746561747408179,False,
tokyo_ma,Tokyo Metropolitan Area,1511,46746.0,149017.0,1.9971493173804227,False,
tokyo_ma,Tokyo Metropolitan Area,1512,6110.0,14982.0,2.596410250051255,False,
tokyo_ma,Tokyo Metropolitan Area,1513,11487.0,34667.0,2.109561826289185,False,
tokyo_ma,Tokyo Metropolitan Area,1521,9162.0,17089.0,3.4133084439492767,False,
tokyo_ma,Tokyo Metropolitan Area,1531,5848.0,10612.0,3.508423570850754,False,
tokyo_ma,Tokyo Metropolitan Area,1532,3836.0,7300.0,3.3454738213349704,False,
tokyo_ma,Tokyo Metropolitan Area,1591,645.0,1438.0,2.855635195983101,False,
tokyo_ma,Tokyo Metropolitan Area,1611,0.0,421.0,0.0,False,
tokyo_ma,Tokyo Metropolitan Area,1612,180.0,3267.0,0.35077228195901494,False,
tokyo_ma,Tokyo Metropolitan Area,1619,12.0,1002.0,0.07624571158749846,False,
tokyo_ma,Tokyo Metropolitan Area,1621,1698.0,3926.0,2.7535266749898866,False,
tokyo_ma,Tokyo Metropolitan Area,1622,370.0,4062.0,0.5799141456168797,False,
tokyo_ma,Tokyo Metropolitan Area,1623,999.0,5508.0,1.1547114017136104,False,
tokyo_ma,Tokyo Metropolitan Area,1624,161.0,1811.0,0.565990736458606,False,
tokyo_ma,Tokyo Metropolitan Area,1629,3312.0,20521.0,1.0275280946808574,False,
tokyo_ma,Tokyo Metropolitan Area,1631,1585.0,5479.0,1.8417465439544538,False,
tokyo_ma,Tokyo Metropolitan Area,1632,2211.0,11690.0,1.2041376308568508,False,
tokyo_ma,Tokyo Metropolitan Area,1633,107.0,482.0,1.4133139215321682,False,
tokyo_ma,Tokyo Metropolitan Area,1634,3954.0,12770.0,1.971277047143062,False,
tokyo_ma,Tokyo Metropolitan Area,1635,5964.0,34519.0,1.099971230229865,False,
tokyo_ma,Tokyo Metropolitan Area,1636,2255.0,6859.0,2.0930887372924705,False,
tokyo_ma,Tokyo Metropolitan Area,1639,3747.0,26943.0,0.8854002483050435,False,
tokyo_ma,Tokyo Metropolitan Area,1641,224.0,718.0,1.986211406034222,False,
tokyo_ma,Tokyo Metropolitan Area,1642,3081.0,11804.0,1.6617450544722479,False,
tokyo_ma,Tokyo Metropolitan Area,1643,676.0,4124.0,1.0435900669902856,False,
tokyo_ma,Tokyo Metropolitan Area,1644,5541.0,16658.0,2.117713425391912,False,
tokyo_ma,Tokyo Metropolitan Area,1645,2548.0,5042.0,3.21735127051428,False,
tokyo_ma,Tokyo Metropolitan Area,1646,660.0,2409.0,1.7442512102893484,False,
tokyo_ma,Tokyo Metropolitan Area,1647,49.0,468.0,0.666579762735577,False,
tokyo_ma,Tokyo Metropolitan Area,1651,871.0,10171.0,0.5452006916912184,True,pharmaceuticals
tokyo_ma,Tokyo Metropolitan Area,1652,10956.0,78596.0,0.8874695830416927,True,pharmaceuticals
tokyo_ma,Tokyo Metropolitan Area,1653,1008.0,4955.0,1.2951461257107106,False,
tokyo_ma,Tokyo Metropolitan Area,1654,246.0,4157.0,0.3767532262975237,False,
tokyo_ma,Tokyo Metropolitan Area,1655,207.0,1598.0,0.8246989999587718,True,pharmaceuticals
tokyo_ma,Tokyo Metropolitan Area,1661,12300.0,34170.0,2.2917225076365324,False,
tokyo_ma,Tokyo Metropolitan Area,1662,1964.0,7147.0,1.749522768445533,False,
tokyo_ma,Tokyo Metropolitan Area,1669,2367.0,6232.0,2.41809139022069,False,
tokyo_ma,Tokyo Metropolitan Area,1691,279.0,1839.0,0.9658826644905699,False,
tokyo_ma,Tokyo Metropolitan Area,1692,203.0,4956.0,0.2607754104648694,False,
tokyo_ma,Tokyo Metropolitan Area,1693,1410.0,4078.0,2.2012724016071927,False,
tokyo_ma,Tokyo Metropolitan Area,1694,2000.0,6952.0,1.8315641304821983,False,
tokyo_ma,Tokyo Metropolitan Area,1695,2056.0,5963.0,2.1951297639603196,False,
tokyo_ma,Tokyo Metropolitan Area,1696,77.0,446.0,1.0991520238830075,False,
tokyo_ma,Tokyo Metropolitan Area,1697,864.0,2906.0,1.8928666953780076,False,
tokyo_ma,Tokyo Metropolitan Area,1699,5107.0,23322.0,1.3941257995866185,False,
tokyo_ma,Tokyo Metropolitan Area,1711,5282.0,12824.0,2.62226624754612,False,
tokyo_ma,Tokyo Metropolitan Area,1721,1253.0,3961.0,2.013947411688417,False,
tokyo_ma,Tokyo Metropolitan Area,1731,0.0,1779.0,0.0,False,
tokyo_ma,Tokyo Metropolitan Area,1741,1249.0,6979.0,1.1393866786112046,False,
tokyo_ma,Tokyo Metropolitan Area,1799,480.0,2484.0,1.2302448149866902,False,
tokyo_ma,Tokyo Metropolitan Area,1811,402.0,6213.0,0.41193301156567863,False,
tokyo_ma,Tokyo Metropolitan Area,1812,1758.0,6460.0,1.7325598670377185,False,
tokyo_ma,Tokyo Metropolitan Area,1813,455.0,2285.0,1.2677309398197092,False,
tokyo_ma,Tokyo Metropolitan Area,1814,1546.0,8559.0,1.1499748982990727,False,
tokyo_ma,Tokyo Metropolitan Area,1815,1924.0,6568.0,1.8649784636689979,False,
tokyo_ma,Tokyo Metropolitan Area,1821,5055.0,43178.0,0.7453504798333919,False,
tokyo_ma,Tokyo Metropolitan Area,1822,1332.0,6719.0,1.2621224191374838,False,
tokyo_ma,Tokyo Metropolitan Area,1823,550.0,1537.0,2.2781940824045983,False,
tokyo_ma,Tokyo Metropolitan Area,1824,118.0,1631.0,0.46060637417021605,False,
tokyo_ma,Tokyo Metropolitan Area,1825,4601.0,33296.0,0.879755656465513,False,
tokyo_ma,Tokyo Metropolitan Area,1831,1873.0,20528.0,0.5808888438514525,False,
tokyo_ma,Tokyo Metropolitan Area,1832,3858.0,93201.0,0.26353818379557636,False,
tokyo_ma,Tokyo Metropolitan Area,1833,4625.0,28452.0,1.0349058324088662,False,
tokyo_ma,Tokyo Metropolitan Area,1834,3283.0,16627.0,1.2570683250337853,False,
tokyo_ma,Tokyo Metropolitan Area,1841,1834.0,15829.0,0.7376455889063065,False,
tokyo_ma,Tokyo Metropolitan Area,1842,374.0,5098.0,0.4670610684907787,False,
tokyo_ma,Tokyo Metropolitan Area,1843,394.0,2603.0,0.9636602633565549,False,
tokyo_ma,Tokyo Metropolitan Area,1844,704.0,6656.0,0.6733815970492052,False,
tokyo_ma,Tokyo Metropolitan Area,1845,994.0,5542.0,1.1418834023909752,False,
tokyo_ma,Tokyo Metropolitan Area,1851,4038.0,15399.0,1.6694587514183792,False,
tokyo_ma,Tokyo Metropolitan Area,1852,234.0,1806.0,0.8248975408129193,False,
tokyo_ma,Tokyo Metropolitan Area,1891,1636.0,15086.0,0.6904163911654392,False,
tokyo_ma,Tokyo Metropolitan Area,1892,6073.0,47893.0,0.8072966245655592,False,
tokyo_ma,Tokyo Metropolitan Area,1897,5186.0,34519.0,0.9564806840999462,False,
tokyo_ma,Tokyo Metropolitan Area,1898,3238.0,14975.0,1.3766131405039548,False,
tokyo_ma,Tokyo Metropolitan Area,1911,204.0,22705.0,0.05720191372743664,False,
tokyo_ma,Tokyo Metropolitan Area,1919,23.0,338.0,0.43322452397571243,False,
tokyo_ma,Tokyo Metropolitan Area,1921,88.0,1812.0,0.30919066707778076,False,
tokyo_ma,Tokyo Metropolitan Area,1922,68.0,1777.0,0.24362585840957585,False,
tokyo_ma,Tokyo Metropolitan Area,1931,2300.0,5600.0,2.6148194482819784,False,
tokyo_ma,Tokyo Metropolitan Area,1932,736.0,5956.0,0.7867287527403132,False,
tokyo_ma,Tokyo Metropolitan Area,1933,9539.0,62709.0,0.9684447986185053,False,
tokyo_ma,Tokyo Metropolitan Area,1991,183.0,702.0,1.659647572525314,False,
tokyo_ma,Tokyo Metropolitan Area,1992,622.0,2981.0,1.328404402120063,False,
tokyo_ma,Tokyo Metropolitan Area,1993,342.0,1799.0,1.2103106091185067,False,
tokyo_ma,Tokyo Metropolitan Area,1994,154.0,812.0,1.2074428636744368,False,
tokyo_ma,Tokyo Metropolitan Area,1995,65.0,257.0,1.6102085589149726,False,
tokyo_ma,Tokyo Metropolitan Area,1999,890.0,4276.0,1.3251169449543845,False,
tokyo_ma,Tokyo Metropolitan Area,2011,248.0,1323.0,1.193421160660558,False,
tokyo_ma,Tokyo Metropolitan Area,2021,148.0,1490.0,0.6323788616096013,False,
tokyo_ma,Tokyo Metropolitan Area,2031,305.0,810.0,2.3972687158698975,False,
tokyo_ma,Tokyo Metropolitan Area,2041,1034.0,4272.0,1.5409593850077317,False,
tokyo_ma,Tokyo Metropolitan Area,2051,0.0,290.0,0.0,False,
tokyo_ma,Tokyo Metropolitan Area,2061,904.0,4060.0,1.417569284106092,False,
tokyo_ma,Tokyo Metropolitan Area,2071,833.0,2604.0,2.036600841906394,False,
tokyo_ma,Tokyo Metropolitan Area,2072,521.0,1112.0,2.982873483854982,False,
tokyo_ma,Tokyo Metropolitan Area,2081,0.0,8.0,0.0,False,
tokyo_ma,Tokyo Metropolitan Area,2099,404.0,934.0,2.7538253048101424,False,
tokyo_ma,Tokyo Metropolitan Area,2111,2123.0,4453.0,3.0352830487248257,False,
tokyo_ma,Tokyo Metropolitan Area,2112,2289.0,13510.0,1.0786792912128766,False,
tokyo_ma,Tokyo Metropolitan Area,2113,1648.0,5004.0,2.096726594750697,False,
tokyo_ma,Tokyo Metropolitan Area,2114,1397.0,3537.0,2.5145671851359634,False,
tokyo_ma,Tokyo Metropolitan Area,2115,519.0,2034.0,1.6244947297008983,False,
tokyo_ma,Tokyo Metropolitan Area,2116,438.0,1252.0,2.2272639056626047,False,
tokyo_ma,Tokyo Metropolitan Area,2117,768.0,7028.0,0.6957149961131334,False,
tokyo_ma,Tokyo Metropolitan Area,2119,733.0,8822.0,0.5289794718395644,False,
tokyo_ma,Tokyo Metropolitan Area,2121,754.0,5001.0,0.9598787754123806,False,
tokyo_ma,Tokyo Metropolitan Area,2122,4944.0,36756.0,0.856351606279178,False,
tokyo_ma,Tokyo Metropolitan Area,2123,3332.0,32887.0,0.6450340368320917,False,
tokyo_ma,Tokyo Metropolitan Area,2129,1245.0,8229.0,0.9632171056455672,False,
tokyo_ma,Tokyo Metropolitan Area,2131,0.0,2098.0,0.0,False,
tokyo_ma,Tokyo Metropolitan Area,2132,0.0,201.0,0.0,False,
tokyo_ma,Tokyo Metropolitan Area,2139,66.0,369.0,1.1387266031401193,False,
tokyo_ma,Tokyo Metropolitan Area,2141,17.0,5080.0,0.02130527314930198,False,
tokyo_ma,Tokyo Metropolitan Area,2142,91.0,5601.0,0.10343742894083326,False,
tokyo_ma,Tokyo Metropolitan Area,2143,0.0,401.0,0.0,False,
tokyo_ma,Tokyo Metropolitan Area,2144,45.0,12666.0,0.02261907952708238,False,
tokyo_ma,Tokyo Metropolitan Area,2145,45.0,5193.0,0.05516912406894386,False,
tokyo_ma,Tokyo Metropolitan Area,2146,99.0,3415.0,0.18456374080177337,False,
tokyo_ma,Tokyo Metropolitan Area,2147,0.0,332.0,0.0,False,
tokyo_ma,Tokyo Metropolitan Area,2148,0.0,479.0,0.0,False,
tokyo_ma,Tokyo Metropolitan Area,2149,4.0,674.0,0.03778348319024404,False,
tokyo_ma,Tokyo Metropolitan Area,2151,192.0,4268.0,0.2864037601149895,False,
tokyo_ma,Tokyo Metropolitan Area,2152,177.0,2078.0,0.5422875334010748,False,
tokyo_ma,Tokyo Metropolitan Area,2159,234.0,2300.0,0.6477238950904923,False,
tokyo_ma,Tokyo Metropolitan Area,2161,13.0,1039.0,0.07965805575383021,False,
tokyo_ma,Tokyo Metropolitan Area,2169,581.0,6609.0,0.559683209123938,False,
tokyo_ma,Tokyo Metropolitan Area,2171,31.0,1400.0,0.1409728746030284,False,
tokyo_ma,Tokyo Metropolitan Area,2172,319.0,4064.0,0.4997339804873039,False,
tokyo_ma,Tokyo Metropolitan Area,2173,563.0,1680.0,2.133541086061962,False,
tokyo_ma,Tokyo Metropolitan Area,2179,62.0,1665.0,0.23707150083392167,False,
tokyo_ma,Tokyo Metropolitan Area,2181,1278.0,10120.0,0.8039929467032335,False,
tokyo_ma,Tokyo Metropolitan Area,2182,131.0,1599.0,0.5215845629767679,False,
tokyo_ma,Tokyo Metropolitan Area,2183,12.0,653.0,0.11699571670853516,False,
tokyo_ma,Tokyo Metropolitan Area,2184,292.0,4677.0,0.3974819200184707,False,
tokyo_ma,Tokyo Metropolitan Area,2185,8.0,372.0,0.13691434231303487,False,
tokyo_ma,Tokyo Metropolitan Area,2186,433.0,4379.0,0.6295277061662026,False,
tokyo_ma,Tokyo Metropolitan Area,2191,175.0,1099.0,1.013776579228682,False,
tokyo_ma,Tokyo Metropolitan Area,2192,565.0,1925.0,1.8686140563216669,False,
tokyo_ma,Tokyo Metropolitan Area,2193,523.0,3385.0,0.9836597778085232,False,
tokyo_ma,Tokyo Metropolitan Area,2194,171.0,4801.0,0.22675992353719993,False,
tokyo_ma,Tokyo Metropolitan Area,2199,806.0,9571.0,0.5361417443893255,False,
tokyo_ma,Tokyo Metropolitan Area,2211,8862.0,37835.0,1.4912137682934414,False,
tokyo_ma,Tokyo Metropolitan Area,2213,193.0,2250.0,0.5461056733725917,False,
tokyo_ma,Tokyo Metropolitan Area,2221,2322.0,24664.0,0.5993777279664821,False,
tokyo_ma,Tokyo Metropolitan Area,2231,77.0,7228.0,0.06782260689704225,False,
tokyo_ma,Tokyo Metropolitan Area,2232,1232.0,5833.0,1.3446852121428325,False,
tokyo_ma,Tokyo Metropolitan Area,2233,294.0,1220.0,1.5342262080012294,False,
tokyo_ma,Tokyo Metropolitan Area,2234,1619.0,8061.0,1.2786739721527554,False,
tokyo_ma,Tokyo Metropolitan Area,2235,0.0,460.0,0.0,False,
tokyo_ma,Tokyo Metropolitan Area,2236,976.0,3086.0,2.01351928435994,False,
tokyo_ma,Tokyo Metropolitan Area,2237,360.0,2426.0,0.9447428237098944,False,
tokyo_ma,Tokyo Metropolitan Area,2238,1673.0,11892.0,0.8956595024446175,False,
tokyo_ma,Tokyo Metropolitan Area,2239,0.0,7.0,0.0,False,
tokyo_ma,Tokyo Metropolitan Area,2241,473.0,905.0,3.327472377905023,False,
tokyo_ma,Tokyo Metropolitan Area,2249,467.0,2560.0,1.161391953319808,False,
tokyo_ma,Tokyo Metropolitan Area,2251,1850.0,24293.0,0.48483333871810086,False,
tokyo_ma,Tokyo Metropolitan Area,2252,35.0,2471.0,0.09017729344980344,False,
tokyo_ma,Tokyo Metropolitan Area,2253,259.0,6123.0,0.26930065027715755,False,
tokyo_ma,Tokyo Metropolitan Area,2254,959.0,13239.0,0.46117453915977946,False,
tokyo_ma,Tokyo Metropolitan Area,2255,0.0,2356.0,0.0,False,
tokyo_ma,Tokyo Metropolitan Area,2291,5769.0,30567.0,1.2015715018608717,False,
tokyo_ma,Tokyo Metropolitan Area,2292,1772.0,12092.0,0.9329695648287668,False,
tokyo_ma,Tokyo Metropolitan Area,2293,449.0,2539.0,1.125862975967979,False,
tokyo_ma,Tokyo Metropolitan Area,2299,2426.0,16446.0,0.9391444753734131,False,
tokyo_ma,Tokyo Metropolitan Area,2311,0.0,1778.0,0.0,False,
tokyo_ma,Tokyo Metropolitan Area,2312,0.0,1107.0,0.0,False,
tokyo_ma,Tokyo Metropolitan Area,2319,247.0,6423.0,0.2448279119782597,False,
tokyo_ma,Tokyo Metropolitan Area,2321,526.0,2552.0,1.3122209634147806,False,
tokyo_ma,Tokyo Metropolitan Area,2322,196.0,5712.0,0.21845891383771007,False,
tokyo_ma,Tokyo Metropolitan Area,2329,1073.0,4714.0,1.4491456623966312,False,
tokyo_ma,Tokyo Metropolitan Area,2331,3023.0,10613.0,1.8134345276332946,False,
tokyo_ma,Tokyo Metropolitan Area,2332,1405.0,15589.0,0.5737992346633107,False,
tokyo_ma,Tokyo Metropolitan Area,2339,2821.0,5265.0,3.4111954842214285,False,
tokyo_ma,Tokyo Metropolitan Area,2341,3462.0,24478.0,0.9004363742372453,False,
tokyo_ma,Tokyo Metropolitan Area,2342,2558.0,3701.0,4.400310801164161,False,
tokyo_ma,Tokyo Metropolitan Area,2351,420.0,3732.0,0.7164890421686954,False,
tokyo_ma,Tokyo Metropolitan Area,2352,1673.0,8085.0,1.3174004703860718,False,
tokyo_ma,Tokyo Metropolitan Area,2353,1823.0,22658.0,0.5122323391607736,False,
tokyo_ma,Tokyo Metropolitan Area,2354,719.0,2899.0,1.5790016087350298,False,
tokyo_ma,Tokyo Metropolitan Area,2355,793.0,4226.0,1.1946634916284915,False,
tokyo_ma,Tokyo Metropolitan Area,2391,0.0,4235.0,0.0,False,
tokyo_ma,Tokyo Metropolitan Area,2399,2295.0,13310.0,1.097757800585372,False,
tokyo_ma,Tokyo Metropolitan Area,2411,2652.0,7968.0,2.1189762632227453,False,
tokyo_ma,Tokyo Metropolitan Area,2421,19.0,883.0,0.1369918702531895,False,
tokyo_ma,Tokyo Metropolitan Area,2422,584.0,5619.0,0.6616917387173474,False,
tokyo_ma,Tokyo Metropolitan Area,2423,138.0,5359.0,0.1639446416538057,False,
tokyo_ma,Tokyo Metropolitan Area,2424,140.0,4016.0,0.22194033079129907,False,
tokyo_ma,Tokyo Metropolitan Area,2425,56.0,1035.0,0.34446854819627326,False,
tokyo_ma,Tokyo Metropolitan Area,2426,34.0,1495.0,0.14479035130227969,False,
tokyo_ma,Tokyo Metropolitan Area,2429,3837.0,17935.0,1.3620476951582292,False,
tokyo_ma,Tokyo Metropolitan Area,2431,1642.0,14143.0,0.7391515787758717,False,
tokyo_ma,Tokyo Metropolitan Area,2432,1280.0,19465.0,0.41865613431655974,False,
tokyo_ma,Tokyo Metropolitan Area,2433,372.0,842.0,2.8127604433858404,False,
tokyo_ma,Tokyo Metropolitan Area,2439,164.0,937.0,1.114310324951125,False,
tokyo_ma,Tokyo Metropolitan Area,2441,4093.0,34442.0,0.7565807369942863,False,
tokyo_ma,Tokyo Metropolitan Area,2442,7174.0,43225.0,1.0566429697292683,False,
tokyo_ma,Tokyo Metropolitan Area,2443,4050.0,37988.0,0.6787510139018189,False,
tokyo_ma,Tokyo Metropolitan Area,2444,217.0,6981.0,0.19789917935964454,False,
tokyo_ma,Tokyo Metropolitan Area,2445,5122.0,31294.0,1.0420304100377853,False,
tokyo_ma,Tokyo Metropolitan Area,2446,9837.0,57701.0,1.0853785362125365,False,
tokyo_ma,Tokyo Metropolitan Area,2451,2082.0,13833.0,0.9582222382962369,False,
tokyo_ma,Tokyo Metropolitan Area,2452,9496.0,66164.0,0.913736240993787,False,
tokyo_ma,Tokyo Metropolitan Area,2453,2956.0,12986.0,1.4492086869163634,False,
tokyo_ma,Tokyo Metropolitan Area,2461,4413.0,21533.0,1.3047619540786313,False,
tokyo_ma,Tokyo Metropolitan Area,2462,1186.0,6214.0,1.2151092797266754,False,
tokyo_ma,Tokyo Metropolitan Area,2463,314.0,711.0,2.8116544474157834,False,
tokyo_ma,Tokyo Metropolitan Area,2464,5616.0,26987.0,1.3248734208691288,False,
tokyo_ma,Tokyo Metropolitan Area,2465,2117.0,16488.0,0.817437913298539,False,
tokyo_ma,Tokyo Metropolitan Area,2469,5912.0,30724.0,1.225063403742735,False,
tokyo_ma,Tokyo Metropolitan Area,2471,22.0,477.0,0.2936339039543704,False,
tokyo_ma,Tokyo Metropolitan Area,2479,1125.0,11577.0,0.6186690448519164,False,
tokyo_ma,Tokyo Metropolitan Area,2481,5586.0,35667.0,0.9970943309352762,False,
tokyo_ma,Tokyo Metropolitan Area,2491,32.0,867.0,0.23498101656493184,False,
tokyo_ma,Tokyo Metropolitan Area,2492,3759.0,17755.0,1.3478871919511946,False,
tokyo_ma,Tokyo Metropolitan Area,2499,4596.0,29331.0,0.9975968004189403,False,
tokyo_ma,Tokyo Metropolitan Area,2511,103.0,9294.0,0.07055640655350554,False,
tokyo_ma,Tokyo Metropolitan Area,2512,3295.0,12178.0,1.722587719112122,False,
tokyo_ma,Tokyo Metropolitan Area,2513,3029.0,13748.0,1.4026898271223083,False,
tokyo_ma,Tokyo Metropolitan Area,2519,2155.0,9267.0,1.4805054448401254,False,
tokyo_ma,Tokyo Metropolitan Area,2521,4617.0,15673.0,1.8754679135045373,False,
tokyo_ma,Tokyo Metropolitan Area,2522,2191.0,10872.0,1.2830241506958666,False,
tokyo_ma,Tokyo Metropolitan Area,2523,6380.0,36637.0,1.1086709592490667,False,
tokyo_ma,Tokyo Metropolitan Area,2531,4297.0,28065.0,0.9747701120519742,False,
tokyo_ma,Tokyo Metropolitan Area,2532,2035.0,9897.0,1.3090696097026076,False,
tokyo_ma,Tokyo Metropolitan Area,2533,2577.0,29450.0,0.5570972528537225,False,
tokyo_ma,Tokyo Metropolitan Area,2534,278.0,2247.0,0.7876687597154436,False,
tokyo_ma,Tokyo Metropolitan Area,2535,3086.0,29936.0,0.656302485555124,False,
tokyo_ma,Tokyo Metropolitan Area,2591,525.0,2065.0,1.6186059959888446,False,
tokyo_ma,Tokyo Metropolitan Area,2592,3414.0,20932.0,1.0383761110518155,False,
tokyo_ma,Tokyo Metropolitan Area,2593,568.0,4648.0,0.7780080914741561,False,
tokyo_ma,Tokyo Metropolitan Area,2594,4349.0,41372.0,0.669244466655022,False,
tokyo_ma,Tokyo Metropolitan Area,2595,8.0,2642.0,0.019277871059973115,False,
tokyo_ma,Tokyo Metropolitan Area,2596,2096.0,16143.0,0.8266257485719898,False,
tokyo_ma,Tokyo Metropolitan Area,2599,3710.0,23335.0,1.0122038896135939,False,
tokyo_ma,Tokyo Metropolitan Area,2611,1633.0,27880.0,0.372902515293011,False,
tokyo_ma,Tokyo Metropolitan Area,2621,7628.0,69237.0,0.7014138545447968,False,
tokyo_ma,Tokyo Metropolitan Area,2631,0.0,1354.0,0.0,False,
tokyo_ma,Tokyo Metropolitan Area,2632,99.0,3536.0,0.17824806980714256,False,
tokyo_ma,Tokyo Metropolitan Area,2633,38.0,691.0,0.350112363049396,False,
tokyo_ma,Tokyo Metropolitan Area,2634,62.0,3205.0,0.12315882960638987,False,
tokyo_ma,Tokyo Metropolitan Area,2635,53.0,2689.0,0.12548359859816827,False,
tokyo_ma,Tokyo Metropolitan Area,2641,3160.0,15193.0,1.324175176691723,False,
tokyo_ma,Tokyo Metropolitan Area,2642,16.0,2851.0,0.03572931276074989,False,
tokyo_ma,Tokyo Metropolitan Area,2643,236.0,2029.0,0.7405115783850394,False,
tokyo_ma,Tokyo Metropolitan Area,2644,2379.0,10647.0,1.4225550621645546,False,
tokyo_ma,Tokyo Metropolitan Area,2645,3604.0,14808.0,1.549495338389537,False,
tokyo_ma,Tokyo Metropolitan Area,2651,931.0,3855.0,1.537542736769066,False,
tokyo_ma,Tokyo Metropolitan Area,2652,5927.0,27724.0,1.3610714821221734,False,
tokyo_ma,Tokyo Metropolitan Area,2653,2868.0,16517.0,1.1054774183902014,False,
tokyo_ma,Tokyo Metropolitan Area,2661,3430.0,46418.0,0.47044579747549436,False,
tokyo_ma,Tokyo Metropolitan Area,2662,2821.0,18009.0,0.9972760411142108,False,
tokyo_ma,Tokyo Metropolitan Area,2663,5152.0,51344.0,0.6388340440801094,False,
tokyo_ma,Tokyo Metropolitan Area,2664,3849.0,34558.0,0.709089751017811,False,
tokyo_ma,Tokyo Metropolitan Area,2671,13524.0,77445.0,1.1117667350123184,True,semiconductor_equipment_robotics
tokyo_ma,Tokyo Metropolitan Area,2672,3172.0,12245.0,1.6492112423428351,False,
tokyo_ma,Tokyo Metropolitan Area,2691,6309.0,44101.0,0.910781053328985,False,
tokyo_ma,Tokyo Metropolitan Area,2692,4296.0,29327.0,0.932606699554032,False,
tokyo_ma,Tokyo Metropolitan Area,2693,2271.0,6992.0,2.0678432379533684,False,
tokyo_ma,Tokyo Metropolitan Area,2694,993.0,20978.0,0.30136101149457667,True,semiconductor_equipment_robotics
tokyo_ma,Tokyo Metropolitan Area,2699,8237.0,63210.0,0.8296313850642267,False,
tokyo_ma,Tokyo Metropolitan Area,2711,1778.0,20857.0,0.5427274813930472,False,
tokyo_ma,Tokyo Metropolitan Area,2719,3131.0,13490.0,1.4776548902052051,False,
tokyo_ma,Tokyo Metropolitan Area,2721,1413.0,6273.0,1.4340647863074765,False,
tokyo_ma,Tokyo Metropolitan Area,2722,2234.0,10693.0,1.3301036934275112,False,
tokyo_ma,Tokyo Metropolitan Area,2723,198.0,3895.0,0.32363808720824444,False,
tokyo_ma,Tokyo Metropolitan Area,2729,773.0,4399.0,1.1187355256355724,False,
tokyo_ma,Tokyo Metropolitan Area,2731,828.0,5260.0,1.0021817505202413,False,
tokyo_ma,Tokyo Metropolitan Area,2732,326.0,3923.0,0.5290554461186071,False,
tokyo_ma,Tokyo Metropolitan Area,2733,1686.0,5521.0,1.9442034999093682,False,
tokyo_ma,Tokyo Metropolitan Area,2734,3458.0,9527.0,2.310844494689731,False,
tokyo_ma,Tokyo Metropolitan Area,2735,1833.0,7638.0,1.5278640363813003,False,
tokyo_ma,Tokyo Metropolitan Area,2736,1430.0,3964.0,2.296700098916563,False,
tokyo_ma,Tokyo Metropolitan Area,2737,1707.0,3029.0,3.587865426962133,False,
tokyo_ma,Tokyo Metropolitan Area,2738,1669.0,4212.0,2.5227247709879315,True,measurement_medical_precision
tokyo_ma,Tokyo Metropolitan Area,2739,5716.0,18845.0,1.9310698169674072,True,measurement_medical_precision
tokyo_ma,Tokyo Metropolitan Area,2741,6229.0,42476.0,0.9336339080764922,True,measurement_medical_precision
tokyo_ma,Tokyo Metropolitan Area,2742,1216.0,4328.0,1.7887441247107774,False,
tokyo_ma,Tokyo Metropolitan Area,2743,1578.0,7371.0,1.3629580377022874,True,measurement_medical_precision
tokyo_ma,Tokyo Metropolitan Area,2744,290.0,3570.0,0.5171680409219259,False,
tokyo_ma,Tokyo Metropolitan Area,2751,476.0,3039.0,0.9971905405583134,False,
tokyo_ma,Tokyo Metropolitan Area,2752,587.0,3162.0,1.181892925555169,False,
tokyo_ma,Tokyo Metropolitan Area,2753,2894.0,15229.0,1.209843059912497,True,measurement_medical_precision
tokyo_ma,Tokyo Metropolitan Area,2761,3316.0,8993.0,2.3475336482393083,False,
tokyo_ma,Tokyo Metropolitan Area,2811,1514.0,3989.0,2.4163716754023485,True,electronic_components_semiconductors
tokyo_ma,Tokyo Metropolitan Area,2812,306.0,14986.0,0.12999827684319856,False,
tokyo_ma,Tokyo Metropolitan Area,2813,1470.0,22899.0,0.40869819069861124,True,electronic_components_semiconductors
tokyo_ma,Tokyo Metropolitan Area,2814,2558.0,57245.0,0.28448860643040547,False,
tokyo_ma,Tokyo Metropolitan Area,2815,1803.0,16341.0,0.7024557862036404,False,
tokyo_ma,Tokyo Metropolitan Area,2821,1491.0,53844.0,0.17629590528334035,False,
tokyo_ma,Tokyo Metropolitan Area,2822,461.0,2070.0,1.4178571492721606,False,
tokyo_ma,Tokyo Metropolitan Area,2823,5361.0,29521.0,1.1561565392438728,False,
tokyo_ma,Tokyo Metropolitan Area,2831,17.0,1028.0,0.10528286731367127,True,electronic_components_semiconductors
tokyo_ma,Tokyo Metropolitan Area,2832,883.0,2613.0,2.1514100414091297,False,
tokyo_ma,Tokyo Metropolitan Area,2841,4327.0,40800.0,0.6751940858398366,True,electronic_components_semiconductors
tokyo_ma,Tokyo Metropolitan Area,2842,5220.0,38783.0,0.856901691711393,True,electronic_components_semiconductors
tokyo_ma,Tokyo Metropolitan Area,2851,1125.0,11104.0,0.6450226524000934,False,
tokyo_ma,Tokyo Metropolitan Area,2859,2194.0,12707.0,1.0992475105940138,False,
tokyo_ma,Tokyo Metropolitan Area,2899,12115.0,104216.0,0.7401008718065596,True,electronic_components_semiconductors
tokyo_ma,Tokyo Metropolitan Area,2911,3257.0,36538.0,0.5675117850041133,True,electrical_industrial_equipment
tokyo_ma,Tokyo Metropolitan Area,2912,2069.0,15532.0,0.8480764552165604,True,electrical_industrial_equipment
tokyo_ma,Tokyo Metropolitan Area,2913,4904.0,26806.0,1.1647168157761405,False,
tokyo_ma,Tokyo Metropolitan Area,2914,12380.0,73233.0,1.0762563248719128,False,
tokyo_ma,Tokyo Metropolitan Area,2915,1955.0,15239.0,0.8167557302855973,False,
tokyo_ma,Tokyo Metropolitan Area,2921,745.0,2840.0,1.6700898252039826,True,electrical_industrial_equipment
tokyo_ma,Tokyo Metropolitan Area,2922,2234.0,78210.0,0.1818539674443214,False,
tokyo_ma,Tokyo Metropolitan Area,2929,5923.0,27919.0,1.3506529497003799,True,electrical_industrial_equipment
tokyo_ma,Tokyo Metropolitan Area,2931,1128.0,10838.0,0.6626158961988656,False,
tokyo_ma,Tokyo Metropolitan Area,2932,2235.0,28697.0,0.49584156220991504,False,
tokyo_ma,Tokyo Metropolitan Area,2933,64.0,4207.0,0.09685217083993149,False,
tokyo_ma,Tokyo Metropolitan Area,2939,631.0,14410.0,0.2787836346271973,False,
tokyo_ma,Tokyo Metropolitan Area,2941,893.0,5440.0,1.0450918395914737,False,
tokyo_ma,Tokyo Metropolitan Area,2942,4508.0,27664.0,1.0374587284681536,False,
tokyo_ma,Tokyo Metropolitan Area,2951,2129.0,23766.0,0.5703237615701836,False,
tokyo_ma,Tokyo Metropolitan Area,2952,55.0,3243.0,0.10797361408127866,False,
tokyo_ma,Tokyo Metropolitan Area,2961,1302.0,7231.0,1.146342833170802,False,
tokyo_ma,Tokyo Metropolitan Area,2962,1888.0,3713.0,3.237270115902494,True,electrical_industrial_equipment
tokyo_ma,Tokyo Metropolitan Area,2969,7846.0,17250.0,2.8957502455156714,True,electrical_industrial_equipment
tokyo_ma,Tokyo Metropolitan Area,2971,8642.0,22567.0,2.4380484424832725,True,electrical_industrial_equipment
tokyo_ma,Tokyo Metropolitan Area,2972,2577.0,8362.0,1.9620323004714333,False,
tokyo_ma,Tokyo Metropolitan Area,2973,1396.0,12329.0,0.7208741679705042,True,electrical_industrial_equipment
tokyo_ma,Tokyo Metropolitan Area,2999,1655.0,14796.0,0.7121239185290201,True,electrical_industrial_equipment
tokyo_ma,Tokyo Metropolitan Area,3011,3682.0,10952.0,2.140386713882546,True,communication_computer_equipment
tokyo_ma,Tokyo Metropolitan Area,3012,928.0,3037.0,1.945382844745499,False,
tokyo_ma,Tokyo Metropolitan Area,3013,11695.0,28502.0,2.6123224809072645,True,communication_computer_equipment
tokyo_ma,Tokyo Metropolitan Area,3014,822.0,1331.0,3.9318383968678683,False,
tokyo_ma,Tokyo Metropolitan Area,3015,3236.0,5726.0,3.5979826659468404,False,
tokyo_ma,Tokyo Metropolitan Area,3019,2206.0,6579.0,2.1347524426400373,True,communication_computer_equipment
tokyo_ma,Tokyo Metropolitan Area,3021,378.0,2520.0,0.9549775376334182,False,
tokyo_ma,Tokyo Metropolitan Area,3022,834.0,10338.0,0.5136075748928037,False,
tokyo_ma,Tokyo Metropolitan Area,3023,1563.0,6371.0,1.561900163575611,True,communication_computer_equipment
tokyo_ma,Tokyo Metropolitan Area,3031,500.0,3686.0,0.8636078292941022,True,communication_computer_equipment
tokyo_ma,Tokyo Metropolitan Area,3032,1144.0,5729.0,1.2713030814599762,False,
tokyo_ma,Tokyo Metropolitan Area,3033,1293.0,2474.0,3.327367168310455,False,
tokyo_ma,Tokyo Metropolitan Area,3034,327.0,14763.0,0.14101815566218598,False,
tokyo_ma,Tokyo Metropolitan Area,3035,235.0,3349.0,0.44673976578850066,False,
tokyo_ma,Tokyo Metropolitan Area,3039,1267.0,7629.0,1.0573308342566008,False,
tokyo_ma,Tokyo Metropolitan Area,3111,28711.0,192607.0,0.9490260853445295,False,
tokyo_ma,Tokyo Metropolitan Area,3112,4535.0,22680.0,1.2730226728887573,False,
tokyo_ma,Tokyo Metropolitan Area,3113,68949.0,638673.0,0.6873078632548691,False,
tokyo_ma,Tokyo Metropolitan Area,3121,2058.0,13044.0,1.004468860497585,False,
tokyo_ma,Tokyo Metropolitan Area,3122,3325.0,15010.0,1.4103043804712927,False,
tokyo_ma,Tokyo Metropolitan Area,3131,2410.0,38005.0,0.40371808370767676,False,
tokyo_ma,Tokyo Metropolitan Area,3132,16.0,7066.0,0.0144161152959097,False,
tokyo_ma,Tokyo Metropolitan Area,3133,239.0,2155.0,0.7060777463090084,False,
tokyo_ma,Tokyo Metropolitan Area,3134,692.0,18155.0,0.24266756854579102,False,
tokyo_ma,Tokyo Metropolitan Area,3141,468.0,8458.0,0.3522735773724598,False,
tokyo_ma,Tokyo Metropolitan Area,3142,2988.0,9138.0,2.0817632468436957,False,
tokyo_ma,Tokyo Metropolitan Area,3149,1891.0,20296.0,0.5931751818633536,False,
tokyo_ma,Tokyo Metropolitan Area,3151,386.0,8035.0,0.30584636343206756,False,
tokyo_ma,Tokyo Metropolitan Area,3159,584.0,6795.0,0.5471737865861331,False,
tokyo_ma,Tokyo Metropolitan Area,3191,510.0,8068.0,0.40244467376718174,False,
tokyo_ma,Tokyo Metropolitan Area,3199,2277.0,9425.0,1.5380964478806674,False,
tokyo_ma,Tokyo Metropolitan Area,3211,1750.0,4702.0,2.36950331895432,False,
tokyo_ma,Tokyo Metropolitan Area,3212,274.0,1186.0,1.470847921931178,False,
tokyo_ma,Tokyo Metropolitan Area,3219,259.0,443.0,3.7221848344176873,False,
tokyo_ma,Tokyo Metropolitan Area,3221,809.0,2459.0,2.0945555861337546,False,
tokyo_ma,Tokyo Metropolitan Area,3222,264.0,567.0,2.964304173253644,False,
tokyo_ma,Tokyo Metropolitan Area,3223,181.0,774.0,1.4888108037179044,False,
tokyo_ma,Tokyo Metropolitan Area,3224,264.0,5401.0,0.3111943096157779,False,
tokyo_ma,Tokyo Metropolitan Area,3229,257.0,722.0,2.2661978501550184,False,
tokyo_ma,Tokyo Metropolitan Area,3231,1002.0,6225.0,1.0247791086572262,False,
tokyo_ma,Tokyo Metropolitan Area,3241,0.0,963.0,0.0,False,
tokyo_ma,Tokyo Metropolitan Area,3249,825.0,4751.0,1.1055307213184173,False,
tokyo_ma,Tokyo Metropolitan Area,3251,2620.0,6293.0,2.6506077107892954,False,
tokyo_ma,Tokyo Metropolitan Area,3252,669.0,1642.0,2.5939097550822443,False,
tokyo_ma,Tokyo Metropolitan Area,3253,3392.0,13462.0,1.604161743006267,False,
tokyo_ma,Tokyo Metropolitan Area,3261,1801.0,7875.0,1.4560123134626761,False,
tokyo_ma,Tokyo Metropolitan Area,3262,108.0,1355.0,0.5074419388162813,False,
tokyo_ma,Tokyo Metropolitan Area,3269,857.0,3083.0,1.769738890154264,False,
tokyo_ma,Tokyo Metropolitan Area,3271,25.0,1639.0,0.09710977604570045,False,
tokyo_ma,Tokyo Metropolitan Area,3281,0.0,398.0,0.0,False,
tokyo_ma,Tokyo Metropolitan Area,3282,491.0,3515.0,0.8893200018549234,False,
tokyo_ma,Tokyo Metropolitan Area,3283,4.0,692.0,0.036800675824023826,False,
tokyo_ma,Tokyo Metropolitan Area,3284,597.0,4651.0,0.8172028810537529,False,
tokyo_ma,Tokyo Metropolitan Area,3285,31.0,87.0,2.2685290166004575,False,
tokyo_ma,Tokyo Metropolitan Area,3289,475.0,2582.0,1.1712221285202005,False,
tokyo_ma,Tokyo Metropolitan Area,3291,278.0,1231.0,1.437767427360359,False,
tokyo_ma,Tokyo Metropolitan Area,3292,3874.0,17035.0,1.447836016355293,False,
tokyo_ma,Tokyo Metropolitan Area,3293,551.0,4530.0,0.7743820798175327,False,
tokyo_ma,Tokyo Metropolitan Area,3294,898.0,1916.0,2.98388945300908,False,
tokyo_ma,Tokyo Metropolitan Area,3295,3390.0,8445.0,2.555653327473683,False,
tokyo_ma,Tokyo Metropolitan Area,3296,968.0,3452.0,1.7852805261281361,False,
tokyo_ma,Tokyo Metropolitan Area,3297,763.0,7094.0,0.6847550617557544,False,
tokyo_ma,Tokyo Metropolitan Area,3299,5840.0,33997.0,1.093639403433472,False,
osaka_kansai,Osaka/Kansai Metropolitan Area,0911,2799.0,43823.0,0.4953957612834908,False,
osaka_kansai,Osaka/Kansai Metropolitan Area,0912,5197.0,37235.0,1.08256218170762,False,
osaka_kansai,Osaka/Kansai Metropolitan Area,0913,2394.0,18677.0,0.9941880072295577,False,
osaka_kansai,Osaka/Kansai Metropolitan Area,0914,2745.0,23272.0,0.9148715727898942,False,
osaka_kansai,Osaka/Kansai Metropolitan Area,0919,2587.0,41997.0,0.4777818559853514,False,
osaka_kansai,Osaka/Kansai Metropolitan Area,0921,179.0,4557.0,0.30466705537284566,False,
osaka_kansai,Osaka/Kansai Metropolitan Area,0922,1751.0,15432.0,0.8800663670664509,False,
osaka_kansai,Osaka/Kansai Metropolitan Area,0923,2043.0,20322.0,0.7797464609825058,False,
osaka_kansai,Osaka/Kansai Metropolitan Area,0924,539.0,12360.0,0.3382375245200128,False,
osaka_kansai,Osaka/Kansai Metropolitan Area,0925,688.0,15975.0,0.3340404531094611,False,
osaka_kansai,Osaka/Kansai Metropolitan Area,0926,430.0,16778.0,0.1987832369182725,False,
osaka_kansai,Osaka/Kansai Metropolitan Area,0929,3293.0,42632.0,0.599111307136121,False,
osaka_kansai,Osaka/Kansai Metropolitan Area,0931,1434.0,20371.0,0.5459945343742403,False,
osaka_kansai,Osaka/Kansai Metropolitan Area,0932,1999.0,21725.0,0.7136816027918256,False,
osaka_kansai,Osaka/Kansai Metropolitan Area,0941,261.0,5075.0,0.3988925759619001,False,
osaka_kansai,Osaka/Kansai Metropolitan Area,0942,354.0,6156.0,0.4460218590867034,False,
osaka_kansai,Osaka/Kansai Metropolitan Area,0943,665.0,6952.0,0.7419307557787707,False,
osaka_kansai,Osaka/Kansai Metropolitan Area,0944,432.0,1807.0,1.8542875694963814,False,
osaka_kansai,Osaka/Kansai Metropolitan Area,0949,3100.0,31559.0,0.7618859295616704,False,
osaka_kansai,Osaka/Kansai Metropolitan Area,0951,107.0,2026.0,0.40963384254067015,False,
osaka_kansai,Osaka/Kansai Metropolitan Area,0952,358.0,1697.0,1.6362613686906988,False,
osaka_kansai,Osaka/Kansai Metropolitan Area,0953,873.0,2623.0,2.581472160485419,False,
osaka_kansai,Osaka/Kansai Metropolitan Area,0961,741.0,8018.0,0.7168093288414872,False,
osaka_kansai,Osaka/Kansai Metropolitan Area,0962,721.0,3468.0,1.612529500576469,False,
osaka_kansai,Osaka/Kansai Metropolitan Area,0969,583.0,4120.0,1.0975462530343274,False,
osaka_kansai,Osaka/Kansai Metropolitan Area,0971,12831.0,79813.0,1.246919343937634,False,
osaka_kansai,Osaka/Kansai Metropolitan Area,0972,9841.0,71274.0,1.070926318787255,False,
osaka_kansai,Osaka/Kansai Metropolitan Area,0973,3383.0,23026.0,1.139554210621056,False,
osaka_kansai,Osaka/Kansai Metropolitan Area,0974,1798.0,16753.0,0.8324316641557523,False,
osaka_kansai,Osaka/Kansai Metropolitan Area,0979,7120.0,48963.0,1.1278814834070343,False,
osaka_kansai,Osaka/Kansai Metropolitan Area,0981,952.0,6598.0,1.119118641259179,False,
osaka_kansai,Osaka/Kansai Metropolitan Area,0982,1735.0,3847.0,3.498072332739275,False,
osaka_kansai,Osaka/Kansai Metropolitan Area,0991,292.0,1203.0,1.8826462207123946,False,
osaka_kansai,Osaka/Kansai Metropolitan Area,0992,6853.0,46534.0,1.1422517682094042,False,
osaka_kansai,Osaka/Kansai Metropolitan Area,0993,2538.0,18607.0,1.057953921842305,False,
osaka_kansai,Osaka/Kansai Metropolitan Area,0994,564.0,3835.0,1.1406836809340732,False,
osaka_kansai,Osaka/Kansai Metropolitan Area,0995,5678.0,54988.0,0.8009012231043178,False,
osaka_kansai,Osaka/Kansai Metropolitan Area,0996,8529.0,66712.0,0.9916208421045907,False,
osaka_kansai,Osaka/Kansai Metropolitan Area,0997,16849.0,125973.0,1.0374045559735108,False,
osaka_kansai,Osaka/Kansai Metropolitan Area,0998,627.0,9146.0,0.5317259262995296,False,
osaka_kansai,Osaka/Kansai Metropolitan Area,0999,14254.0,108525.0,1.0187284917537296,False,
osaka_kansai,Osaka/Kansai Metropolitan Area,1011,2309.0,31442.0,0.5695938116454452,False,
osaka_kansai,Osaka/Kansai Metropolitan Area,1021,141.0,2507.0,0.43623074555067526,False,
osaka_kansai,Osaka/Kansai Metropolitan Area,1022,381.0,4195.0,0.704440802602561,False,
osaka_kansai,Osaka/Kansai Metropolitan Area,1023,3054.0,15901.0,1.48969063596865,False,
osaka_kansai,Osaka/Kansai Metropolitan Area,1024,1045.0,11236.0,0.7213666372872164,False,
osaka_kansai,Osaka/Kansai Metropolitan Area,1031,1459.0,12572.0,0.9001241467588658,False,
osaka_kansai,Osaka/Kansai Metropolitan Area,1032,1225.0,4527.0,2.098829147874048,False,
osaka_kansai,Osaka/Kansai Metropolitan Area,1041,218.0,1795.0,0.9419840156574738,False,
osaka_kansai,Osaka/Kansai Metropolitan Area,1051,354.0,1264.0,2.1722393706785965,False,
osaka_kansai,Osaka/Kansai Metropolitan Area,1052,0.0,119.0,0.0,False,
osaka_kansai,Osaka/Kansai Metropolitan Area,1061,772.0,10720.0,0.5585653711904301,False,
osaka_kansai,Osaka/Kansai Metropolitan Area,1062,46.0,2613.0,0.13654314906209533,False,
osaka_kansai,Osaka/Kansai Metropolitan Area,1063,146.0,3989.0,0.2838836053543508,False,
osaka_kansai,Osaka/Kansai Metropolitan Area,1111,15.0,160.0,0.727147924930547,False,
osaka_kansai,Osaka/Kansai Metropolitan Area,1112,431.0,9732.0,0.3434999376846864,False,
osaka_kansai,Osaka/Kansai Metropolitan Area,1113,223.0,2679.0,0.6456299107010556,False,
osaka_kansai,Osaka/Kansai Metropolitan Area,1114,413.0,1129.0,2.8373153161742275,False,
osaka_kansai,Osaka/Kansai Metropolitan Area,1115,137.0,1456.0,0.7298114704431132,False,
osaka_kansai,Osaka/Kansai Metropolitan Area,1116,221.0,910.0,1.8836593864867506,False,
osaka_kansai,Osaka/Kansai Metropolitan Area,1117,490.0,2670.0,1.4234306445581744,False,
osaka_kansai,Osaka/Kansai Metropolitan Area,1118,50.0,1254.0,0.30926014882745223,False,
osaka_kansai,Osaka/Kansai Metropolitan Area,1119,23.0,180.0,0.9910756902757085,False,
osaka_kansai,Osaka/Kansai Metropolitan Area,1121,972.0,4363.0,1.7279554631400211,False,
osaka_kansai,Osaka/Kansai Metropolitan Area,1122,982.0,6766.0,1.125721568283452,False,
osaka_kansai,Osaka/Kansai Metropolitan Area,1123,301.0,1584.0,1.4738823259534994,False,
osaka_kansai,Osaka/Kansai Metropolitan Area,1124,7.0,86.0,0.6313222293970641,False,
osaka_kansai,Osaka/Kansai Metropolitan Area,1125,116.0,2652.0,0.33926258136528287,False,
osaka_kansai,Osaka/Kansai Metropolitan Area,1129,17.0,375.0,0.3516164188108601,False,
osaka_kansai,Osaka/Kansai Metropolitan Area,1131,262.0,2107.0,0.9644689452013457,False,
osaka_kansai,Osaka/Kansai Metropolitan Area,1132,68.0,1682.0,0.31356993354119506,False,
osaka_kansai,Osaka/Kansai Metropolitan Area,1133,94.0,346.0,2.107187820993339,False,
osaka_kansai,Osaka/Kansai Metropolitan Area,1141,807.0,3022.0,2.071240680940486,False,
osaka_kansai,Osaka/Kansai Metropolitan Area,1142,263.0,3985.0,0.5118926755512743,False,
osaka_kansai,Osaka/Kansai Metropolitan Area,1143,82.0,1115.0,0.5704143961189104,False,
osaka_kansai,Osaka/Kansai Metropolitan Area,1144,482.0,1364.0,2.740843009317878,False,
osaka_kansai,Osaka/Kansai Metropolitan Area,1145,792.0,2667.0,2.303316711591024,False,
osaka_kansai,Osaka/Kansai Metropolitan Area,1146,594.0,2175.0,2.1182571275218143,False,
osaka_kansai,Osaka/Kansai Metropolitan Area,1147,385.0,3161.0,0.9446865375033575,False,
osaka_kansai,Osaka/Kansai Metropolitan Area,1148,645.0,2075.0,2.4109772161552594,False,
osaka_kansai,Osaka/Kansai Metropolitan Area,1151,218.0,1568.0,1.078355426087478,False,
osaka_kansai,Osaka/Kansai Metropolitan Area,1152,6.0,2229.0,0.020878181783559897,False,
osaka_kansai,Osaka/Kansai Metropolitan Area,1153,45.0,1036.0,0.3369025134813345,False,
osaka_kansai,Osaka/Kansai Metropolitan Area,1154,189.0,1073.0,1.3661977788070667,False,
osaka_kansai,Osaka/Kansai Metropolitan Area,1155,39.0,796.0,0.38001700599385374,False,
osaka_kansai,Osaka/Kansai Metropolitan Area,1156,34.0,204.0,1.2927074220987502,False,
osaka_kansai,Osaka/Kansai Metropolitan Area,1157,927.0,9440.0,0.7616566400119967,False,
osaka_kansai,Osaka/Kansai Metropolitan Area,1158,340.0,1525.0,1.7292610761189842,False,
osaka_kansai,Osaka/Kansai Metropolitan Area,1159,491.0,2387.0,1.595440329075374,False,
osaka_kansai,Osaka/Kansai Metropolitan Area,1161,802.0,11236.0,0.5536230077553566,False,
osaka_kansai,Osaka/Kansai Metropolitan Area,1162,1282.0,19112.0,0.5202755070523016,False,
osaka_kansai,Osaka/Kansai Metropolitan Area,1163,113.0,651.0,1.3463220156420164,False,
osaka_kansai,Osaka/Kansai Metropolitan Area,1164,102.0,4640.0,0.17050365136302484,False,
osaka_kansai,Osaka/Kansai Metropolitan Area,1165,439.0,15805.0,0.21543760517609037,False,
osaka_kansai,Osaka/Kansai Metropolitan Area,1166,118.0,1656.0,0.5526792601726541,False,
osaka_kansai,Osaka/Kansai Metropolitan Area,1167,367.0,6400.0,0.44477214741585125,False,
osaka_kansai,Osaka/Kansai Metropolitan Area,1168,474.0,4143.0,0.8873907575304962,False,
osaka_kansai,Osaka/Kansai Metropolitan Area,1169,524.0,5576.0,0.728886681326842,False,
osaka_kansai,Osaka/Kansai Metropolitan Area,1171,384.0,1057.0,2.817784201055365,False,
osaka_kansai,Osaka/Kansai Metropolitan Area,1172,1307.0,3828.0,2.6482266468386624,False,
osaka_kansai,Osaka/Kansai Metropolitan Area,1173,117.0,620.0,1.4636784037311659,False,
osaka_kansai,Osaka/Kansai Metropolitan Area,1174,48.0,2504.0,0.14868200381966457,False,
osaka_kansai,Osaka/Kansai Metropolitan Area,1181,1084.0,3214.0,2.6159829101836563,False,
osaka_kansai,Osaka/Kansai Metropolitan Area,1182,145.0,413.0,2.723136700304874,False,
osaka_kansai,Osaka/Kansai Metropolitan Area,1183,174.0,621.0,2.173247260339928,False,
osaka_kansai,Osaka/Kansai Metropolitan Area,1184,2705.0,5791.0,3.6229738319224167,False,
osaka_kansai,Osaka/Kansai Metropolitan Area,1185,17.0,1285.0,0.10261179537281909,False,
osaka_kansai,Osaka/Kansai Metropolitan Area,1186,494.0,1608.0,2.3828263675999355,False,
osaka_kansai,Osaka/Kansai Metropolitan Area,1189,534.0,1887.0,2.1949308852169556,False,
osaka_kansai,Osaka/Kansai Metropolitan Area,1191,919.0,6316.0,1.1285605961767748,False,
osaka_kansai,Osaka/Kansai Metropolitan Area,1192,244.0,284.0,6.663815725185107,False,
osaka_kansai,Osaka/Kansai Metropolitan Area,1193,1585.0,3606.0,3.40922007325544,False,
osaka_kansai,Osaka/Kansai Metropolitan Area,1194,444.0,4560.0,0.7552132834366384,False,
osaka_kansai,Osaka/Kansai Metropolitan Area,1195,219.0,1139.0,1.4913235756257752,False,
osaka_kansai,Osaka/Kansai Metropolitan Area,1196,566.0,2621.0,1.6749463584308875,False,
osaka_kansai,Osaka/Kansai Metropolitan Area,1197,615.0,3058.0,1.5598725923951566,False,
osaka_kansai,Osaka/Kansai Metropolitan Area,1198,520.0,4761.0,0.8471428601025207,False,
osaka_kansai,Osaka/Kansai Metropolitan Area,1199,2686.0,21498.0,0.96907958017227,False,
osaka_kansai,Osaka/Kansai Metropolitan Area,1211,1289.0,24033.0,0.4160029626976131,False,
osaka_kansai,Osaka/Kansai Metropolitan Area,1212,189.0,1213.0,1.208516254460002,False,
osaka_kansai,Osaka/Kansai Metropolitan Area,1213,220.0,4282.0,0.39849925202483666,False,
osaka_kansai,Osaka/Kansai Metropolitan Area,1219,147.0,1057.0,1.078683014466507,False,
osaka_kansai,Osaka/Kansai Metropolitan Area,1221,542.0,6031.0,0.6970460183493842,False,
osaka_kansai,Osaka/Kansai Metropolitan Area,1222,860.0,7450.0,0.8953517178563155,False,
osaka_kansai,Osaka/Kansai Metropolitan Area,1223,791.0,5281.0,1.1617476662148587,False,
osaka_kansai,Osaka/Kansai Metropolitan Area,1224,1207.0,17989.0,0.520417318963764,False,
osaka_kansai,Osaka/Kansai Metropolitan Area,1225,257.0,1084.0,1.8388882332806946,False,
osaka_kansai,Osaka/Kansai Metropolitan Area,1226,210.0,1252.0,1.300967533422065,False,
osaka_kansai,Osaka/Kansai Metropolitan Area,1227,42.0,174.0,1.8721969561430178,False,
osaka_kansai,Osaka/Kansai Metropolitan Area,1228,245.0,3445.0,0.5516051989797279,False,
osaka_kansai,Osaka/Kansai Metropolitan Area,1231,11.0,63.0,1.354264918389167,False,
osaka_kansai,Osaka/Kansai Metropolitan Area,1232,992.0,5100.0,1.5086656032023062,False,
osaka_kansai,Osaka/Kansai Metropolitan Area,1233,62.0,270.0,1.7810635593360562,False,
osaka_kansai,Osaka/Kansai Metropolitan Area,1291,46.0,526.0,0.6783027538008651,False,
osaka_kansai,Osaka/Kansai Metropolitan Area,1292,0.0,72.0,0.0,False,
osaka_kansai,Osaka/Kansai Metropolitan Area,1299,766.0,6745.0,0.8808425962884888,False,
osaka_kansai,Osaka/Kansai Metropolitan Area,1311,4423.0,38664.0,0.8872819565398468,False,
osaka_kansai,Osaka/Kansai Metropolitan Area,1312,2668.0,16351.0,1.2655898974348232,False,
osaka_kansai,Osaka/Kansai Metropolitan Area,1313,103.0,1190.0,0.6713388124848971,False,
osaka_kansai,Osaka/Kansai Metropolitan Area,1321,778.0,3214.0,1.877522789781259,False,
osaka_kansai,Osaka/Kansai Metropolitan Area,1331,1242.0,11812.0,0.8155482314155,False,
osaka_kansai,Osaka/Kansai Metropolitan Area,1391,1130.0,6885.0,1.2729929298227345,False,
osaka_kansai,Osaka/Kansai Metropolitan Area,1392,491.0,2914.0,1.3069032482851468,False,
osaka_kansai,Osaka/Kansai Metropolitan Area,1393,146.0,1189.0,0.9524068139264131,False,
osaka_kansai,Osaka/Kansai Metropolitan Area,1399,156.0,3859.0,0.3135460344867661,False,
osaka_kansai,Osaka/Kansai Metropolitan Area,1411,196.0,2344.0,0.6485596964113184,False,
osaka_kansai,Osaka/Kansai Metropolitan Area,1421,1405.0,22081.0,0.4935249113850127,False,
osaka_kansai,Osaka/Kansai Metropolitan Area,1422,1000.0,8252.0,0.9399229923161053,False,
osaka_kansai,Osaka/Kansai Metropolitan Area,1424,53.0,253.0,1.6248259297525796,False,
osaka_kansai,Osaka/Kansai Metropolitan Area,1431,1096.0,6726.0,1.2638780861911065,False,
osaka_kansai,Osaka/Kansai Metropolitan Area,1432,465.0,2815.0,1.2812268943714078,False,
osaka_kansai,Osaka/Kansai Metropolitan Area,1433,202.0,1423.0,1.1010269821389216,False,
osaka_kansai,Osaka/Kansai Metropolitan Area,1441,1732.0,8318.0,1.615029517967085,False,
osaka_kansai,Osaka/Kansai Metropolitan Area,1442,568.0,2521.0,1.7475394266213966,False,
osaka_kansai,Osaka/Kansai Metropolitan Area,1449,1478.0,6767.0,1.694063753387279,False,
osaka_kansai,Osaka/Kansai Metropolitan Area,1451,332.0,3554.0,0.7245563266237227,False,
osaka_kansai,Osaka/Kansai Metropolitan Area,1452,620.0,2989.0,1.6088563433279863,False,
osaka_kansai,Osaka/Kansai Metropolitan Area,1453,6992.0,49333.0,1.0992978690103332,False,
osaka_kansai,Osaka/Kansai Metropolitan Area,1454,5332.0,25931.0,1.5948592745279093,False,
osaka_kansai,Osaka/Kansai Metropolitan Area,1499,3318.0,35882.0,0.7172180859244724,False,
osaka_kansai,Osaka/Kansai Metropolitan Area,1511,25393.0,149017.0,1.3216902596087787,False,
osaka_kansai,Osaka/Kansai Metropolitan Area,1512,1927.0,14982.0,0.9976160201779304,False,
osaka_kansai,Osaka/Kansai Metropolitan Area,1513,5240.0,34667.0,1.1723749199753284,False,
osaka_kansai,Osaka/Kansai Metropolitan Area,1521,2650.0,17089.0,1.2027648201398637,False,
osaka_kansai,Osaka/Kansai Metropolitan Area,1531,1759.0,10612.0,1.2856421157962883,False,
osaka_kansai,Osaka/Kansai Metropolitan Area,1532,1837.0,7300.0,1.9518111241606062,False,
osaka_kansai,Osaka/Kansai Metropolitan Area,1591,237.0,1438.0,1.2783240293632983,False,
osaka_kansai,Osaka/Kansai Metropolitan Area,1611,44.0,421.0,0.8106288822661998,False,
osaka_kansai,Osaka/Kansai Metropolitan Area,1612,436.0,3267.0,1.0351155850046925,False,
osaka_kansai,Osaka/Kansai Metropolitan Area,1619,78.0,1002.0,0.6037795145131888,False,
osaka_kansai,Osaka/Kansai Metropolitan Area,1621,120.0,3926.0,0.23707318999263888,False,
osaka_kansai,Osaka/Kansai Metropolitan Area,1622,362.0,4062.0,0.6912261252581207,False,
osaka_kansai,Osaka/Kansai Metropolitan Area,1623,1056.0,5508.0,1.4870359888194777,False,
osaka_kansai,Osaka/Kansai Metropolitan Area,1624,245.0,1811.0,1.049298680555032,False,
osaka_kansai,Osaka/Kansai Metropolitan Area,1629,3272.0,20521.0,1.2367054291039747,False,
osaka_kansai,Osaka/Kansai Metropolitan Area,1631,700.0,5479.0,0.9909419917530117,False,
osaka_kansai,Osaka/Kansai Metropolitan Area,1632,311.0,11690.0,0.2063466252896722,False,
osaka_kansai,Osaka/Kansai Metropolitan Area,1633,92.0,482.0,1.4804450145197305,False,
osaka_kansai,Osaka/Kansai Metropolitan Area,1634,1953.0,12770.0,1.1862134355640686,False,
osaka_kansai,Osaka/Kansai Metropolitan Area,1635,5745.0,34519.0,1.290872413446042,False,
osaka_kansai,Osaka/Kansai Metropolitan Area,1636,49.0,6859.0,0.055409823895178976,False,
osaka_kansai,Osaka/Kansai Metropolitan Area,1639,5685.0,26943.0,1.6365753690304856,False,
osaka_kansai,Osaka/Kansai Metropolitan Area,1641,192.0,718.0,2.074093245484346,False,
osaka_kansai,Osaka/Kansai Metropolitan Area,1642,2286.0,11804.0,1.5020988649192188,False,
osaka_kansai,Osaka/Kansai Metropolitan Area,1643,1273.0,4124.0,2.394204483508791,False,
osaka_kansai,Osaka/Kansai Metropolitan Area,1644,4441.0,16658.0,2.067804176326288,False,
osaka_kansai,Osaka/Kansai Metropolitan Area,1645,940.0,5042.0,1.4460273424508037,False,
osaka_kansai,Osaka/Kansai Metropolitan Area,1646,463.0,2409.0,1.4907186461562176,False,
osaka_kansai,Osaka/Kansai Metropolitan Area,1647,51.0,468.0,0.8452317759876445,False,
osaka_kansai,Osaka/Kansai Metropolitan Area,1651,1344.0,10171.0,1.0249132486288786,True,pharmaceuticals
osaka_kansai,Osaka/Kansai Metropolitan Area,1652,10223.0,78596.0,1.008856530315705,True,pharmaceuticals
osaka_kansai,Osaka/Kansai Metropolitan Area,1653,285.0,4955.0,0.4461210276062287,False,
osaka_kansai,Osaka/Kansai Metropolitan Area,1654,1017.0,4157.0,1.8975464733333112,False,
osaka_kansai,Osaka/Kansai Metropolitan Area,1655,304.0,1598.0,1.475530874786058,True,pharmaceuticals
osaka_kansai,Osaka/Kansai Metropolitan Area,1661,6053.0,34170.0,1.3739698026275218,False,
osaka_kansai,Osaka/Kansai Metropolitan Area,1662,1447.0,7147.0,1.5703492148679659,False,
osaka_kansai,Osaka/Kansai Metropolitan Area,1669,1512.0,6232.0,1.8818102909627505,False,
osaka_kansai,Osaka/Kansai Metropolitan Area,1691,573.0,1839.0,2.4167091447392623,False,
osaka_kansai,Osaka/Kansai Metropolitan Area,1692,222.0,4956.0,0.34743468245269077,False,
osaka_kansai,Osaka/Kansai Metropolitan Area,1693,1024.0,4078.0,1.9476200101458367,False,
osaka_kansai,Osaka/Kansai Metropolitan Area,1694,1125.0,6952.0,1.2551460154152134,False,
osaka_kansai,Osaka/Kansai Metropolitan Area,1695,697.0,5963.0,0.9066078214350115,False,
osaka_kansai,Osaka/Kansai Metropolitan Area,1696,166.0,446.0,2.886853346211559,False,
osaka_kansai,Osaka/Kansai Metropolitan Area,1697,574.0,2906.0,1.532031783106709,False,
osaka_kansai,Osaka/Kansai Metropolitan Area,1699,5025.0,23322.0,1.6711743751083663,False,
osaka_kansai,Osaka/Kansai Metropolitan Area,1711,864.0,12824.0,0.5225666933998692,False,
osaka_kansai,Osaka/Kansai Metropolitan Area,1721,938.0,3961.0,1.8367476323079441,False,
osaka_kansai,Osaka/Kansai Metropolitan Area,1731,471.0,1779.0,2.0535082489325847,False,
osaka_kansai,Osaka/Kansai Metropolitan Area,1741,606.0,6979.0,0.6734896384512189,False,
osaka_kansai,Osaka/Kansai Metropolitan Area,1799,242.0,2484.0,0.7556405704055498,False,
osaka_kansai,Osaka/Kansai Metropolitan Area,1811,1257.0,6213.0,1.569225716637498,False,
osaka_kansai,Osaka/Kansai Metropolitan Area,1812,698.0,6460.0,0.8380586197754747,False,
osaka_kansai,Osaka/Kansai Metropolitan Area,1813,369.0,2285.0,1.252540145525879,False,
osaka_kansai,Osaka/Kansai Metropolitan Area,1814,1003.0,8559.0,0.9089278264038181,False,
osaka_kansai,Osaka/Kansai Metropolitan Area,1815,1126.0,6568.0,1.3297094006850119,False,
osaka_kansai,Osaka/Kansai Metropolitan Area,1821,4861.0,43178.0,0.8732017386847967,False,
osaka_kansai,Osaka/Kansai Metropolitan Area,1822,1808.0,6719.0,2.0871097060466206,False,
osaka_kansai,Osaka/Kansai Metropolitan Area,1823,148.0,1537.0,0.7468602412646,False,
osaka_kansai,Osaka/Kansai Metropolitan Area,1824,136.0,1631.0,0.6467500039439485,False,
osaka_kansai,Osaka/Kansai Metropolitan Area,1825,6546.0,33296.0,1.5248791659764092,False,
osaka_kansai,Osaka/Kansai Metropolitan Area,1831,3088.0,20528.0,1.166761648316721,False,
osaka_kansai,Osaka/Kansai Metropolitan Area,1832,3322.0,93201.0,0.27645888281533765,False,
osaka_kansai,Osaka/Kansai Metropolitan Area,1833,3671.0,28452.0,1.0007441894821831,False,
osaka_kansai,Osaka/Kansai Metropolitan Area,1834,2750.0,16627.0,1.2828334915877415,False,
osaka_kansai,Osaka/Kansai Metropolitan Area,1841,1589.0,15829.0,0.7786134665670278,False,
osaka_kansai,Osaka/Kansai Metropolitan Area,1842,777.0,5098.0,1.1821502553598222,False,
osaka_kansai,Osaka/Kansai Metropolitan Area,1843,832.0,2603.0,2.4791377069216143,False,
osaka_kansai,Osaka/Kansai Metropolitan Area,1844,597.0,6656.0,0.69568479356336,False,
osaka_kansai,Osaka/Kansai Metropolitan Area,1845,581.0,5542.0,0.813132095531621,False,
osaka_kansai,Osaka/Kansai Metropolitan Area,1851,1957.0,15399.0,0.9857114455668242,False,
osaka_kansai,Osaka/Kansai Metropolitan Area,1852,35.0,1806.0,0.1503148165231105,False,
osaka_kansai,Osaka/Kansai Metropolitan Area,1891,3302.0,15086.0,1.6976746285708897,False,
osaka_kansai,Osaka/Kansai Metropolitan Area,1892,8051.0,47893.0,1.3038549418892578,False,
osaka_kansai,Osaka/Kansai Metropolitan Area,1897,6259.0,34519.0,1.4063656110981333,False,
osaka_kansai,Osaka/Kansai Metropolitan Area,1898,2500.0,14975.0,1.294865531317613,False,
osaka_kansai,Osaka/Kansai Metropolitan Area,1911,1183.0,22705.0,0.4041240820108756,False,
osaka_kansai,Osaka/Kansai Metropolitan Area,1919,136.0,338.0,3.1208557882620718,False,
osaka_kansai,Osaka/Kansai Metropolitan Area,1921,288.0,1812.0,1.2327805879617222,False,
osaka_kansai,Osaka/Kansai Metropolitan Area,1922,452.0,1777.0,1.9728883110477269,False,
osaka_kansai,Osaka/Kansai Metropolitan Area,1931,2504.0,5600.0,3.468149341002076,False,
osaka_kansai,Osaka/Kansai Metropolitan Area,1932,1135.0,5956.0,1.4780620457509217,False,
osaka_kansai,Osaka/Kansai Metropolitan Area,1933,7004.0,62709.0,0.8662988838329089,False,
osaka_kansai,Osaka/Kansai Metropolitan Area,1991,91.0,702.0,1.005439106076806,False,
osaka_kansai,Osaka/Kansai Metropolitan Area,1992,318.0,2981.0,0.8274021339699482,False,
osaka_kansai,Osaka/Kansai Metropolitan Area,1993,295.0,1799.0,1.271868892226119,False,
osaka_kansai,Osaka/Kansai Metropolitan Area,1994,85.0,812.0,0.8119221493477372,False,
osaka_kansai,Osaka/Kansai Metropolitan Area,1995,14.0,257.0,0.42251915741749035,False,
osaka_kansai,Osaka/Kansai Metropolitan Area,1999,569.0,4276.0,1.0321101821901622,False,
osaka_kansai,Osaka/Kansai Metropolitan Area,2011,452.0,1323.0,2.64990364983508,False,
osaka_kansai,Osaka/Kansai Metropolitan Area,2021,46.0,1490.0,0.23945452919413093,False,
osaka_kansai,Osaka/Kansai Metropolitan Area,2031,42.0,810.0,0.4021756424307223,False,
osaka_kansai,Osaka/Kansai Metropolitan Area,2041,1012.0,4272.0,1.8373875156796844,False,
osaka_kansai,Osaka/Kansai Metropolitan Area,2051,58.0,290.0,1.5512489065185004,False,
osaka_kansai,Osaka/Kansai Metropolitan Area,2061,1945.0,4060.0,3.7157378364267033,False,
osaka_kansai,Osaka/Kansai Metropolitan Area,2071,724.0,2604.0,2.1564980958513718,False,
osaka_kansai,Osaka/Kansai Metropolitan Area,2072,347.0,1112.0,2.420338896411509,False,
osaka_kansai,Osaka/Kansai Metropolitan Area,2081,0.0,8.0,0.0,False,
osaka_kansai,Osaka/Kansai Metropolitan Area,2099,148.0,934.0,1.2290408895328588,False,
osaka_kansai,Osaka/Kansai Metropolitan Area,2111,1954.0,4453.0,3.403481207429991,False,
osaka_kansai,Osaka/Kansai Metropolitan Area,2112,1943.0,13510.0,1.1154983809642658,False,
osaka_kansai,Osaka/Kansai Metropolitan Area,2113,545.0,5004.0,0.8447548501724448,False,
osaka_kansai,Osaka/Kansai Metropolitan Area,2114,590.0,3537.0,1.2938038660530327,False,
osaka_kansai,Osaka/Kansai Metropolitan Area,2115,681.0,2034.0,2.59685473288864,False,
osaka_kansai,Osaka/Kansai Metropolitan Area,2116,23.0,1252.0,0.14248692032717855,False,
osaka_kansai,Osaka/Kansai Metropolitan Area,2117,563.0,7028.0,0.6213383141504807,False,
osaka_kansai,Osaka/Kansai Metropolitan Area,2119,722.0,8822.0,0.6347776640820433,False,
osaka_kansai,Osaka/Kansai Metropolitan Area,2121,299.0,5001.0,0.4637306769136489,False,
osaka_kansai,Osaka/Kansai Metropolitan Area,2122,2371.0,36756.0,0.5003279950695619,False,
osaka_kansai,Osaka/Kansai Metropolitan Area,2123,1725.0,32887.0,0.4068331504461357,False,
osaka_kansai,Osaka/Kansai Metropolitan Area,2129,393.0,8229.0,0.3704221778234115,False,
osaka_kansai,Osaka/Kansai Metropolitan Area,2131,263.0,2098.0,0.9723032946004899,False,
osaka_kansai,Osaka/Kansai Metropolitan Area,2132,0.0,201.0,0.0,False,
osaka_kansai,Osaka/Kansai Metropolitan Area,2139,29.0,369.0,0.6095693535099798,False,
osaka_kansai,Osaka/Kansai Metropolitan Area,2141,0.0,5080.0,0.0,False,
osaka_kansai,Osaka/Kansai Metropolitan Area,2142,142.0,5601.0,0.1966410861682084,False,
osaka_kansai,Osaka/Kansai Metropolitan Area,2143,22.0,401.0,0.42552962522951376,False,
osaka_kansai,Osaka/Kansai Metropolitan Area,2144,140.0,12666.0,0.08573142543525582,False,
osaka_kansai,Osaka/Kansai Metropolitan Area,2145,438.0,5193.0,0.6541950905595062,False,
osaka_kansai,Osaka/Kansai Metropolitan Area,2146,52.0,3415.0,0.11810386989599124,False,
osaka_kansai,Osaka/Kansai Metropolitan Area,2147,8.0,332.0,0.1868974586166868,False,
osaka_kansai,Osaka/Kansai Metropolitan Area,2148,16.0,479.0,0.2590812369968268,False,
osaka_kansai,Osaka/Kansai Metropolitan Area,2149,148.0,674.0,1.7031516184327748,False,
osaka_kansai,Osaka/Kansai Metropolitan Area,2151,345.0,4268.0,0.6269691573909122,False,
osaka_kansai,Osaka/Kansai Metropolitan Area,2152,402.0,2078.0,1.5004861896545647,False,
osaka_kansai,Osaka/Kansai Metropolitan Area,2159,201.0,2300.0,0.6778283265439534,False,
osaka_kansai,Osaka/Kansai Metropolitan Area,2161,280.0,1039.0,2.090229517926757,False,
osaka_kansai,Osaka/Kansai Metropolitan Area,2169,476.0,6609.0,0.5586279917557923,False,
osaka_kansai,Osaka/Kansai Metropolitan Area,2171,21.0,1400.0,0.11634366798888751,False,
osaka_kansai,Osaka/Kansai Metropolitan Area,2172,756.0,4064.0,1.442844701436991,False,
osaka_kansai,Osaka/Kansai Metropolitan Area,2173,139.0,1680.0,0.641736898827594,False,
osaka_kansai,Osaka/Kansai Metropolitan Area,2179,737.0,1665.0,3.433244576889294,False,
osaka_kansai,Osaka/Kansai Metropolitan Area,2181,578.0,10120.0,0.44299499405518433,False,
osaka_kansai,Osaka/Kansai Metropolitan Area,2182,221.0,1599.0,1.0720012768623783,False,
osaka_kansai,Osaka/Kansai Metropolitan Area,2183,74.0,653.0,0.8789618612738823,False,
osaka_kansai,Osaka/Kansai Metropolitan Area,2184,359.0,4677.0,0.5953585176824263,False,
osaka_kansai,Osaka/Kansai Metropolitan Area,2185,10.0,372.0,0.20850119711270168,False,
osaka_kansai,Osaka/Kansai Metropolitan Area,2186,126.0,4379.0,0.2231757960965187,False,
osaka_kansai,Osaka/Kansai Metropolitan Area,2191,133.0,1099.0,0.938653796937946,False,
osaka_kansai,Osaka/Kansai Metropolitan Area,2192,289.0,1925.0,1.1644439843736274,False,
osaka_kansai,Osaka/Kansai Metropolitan Area,2193,104.0,3385.0,0.23830116141495425,False,
osaka_kansai,Osaka/Kansai Metropolitan Area,2194,378.0,4801.0,0.6106770325598762,False,
osaka_kansai,Osaka/Kansai Metropolitan Area,2199,773.0,9571.0,0.626431618816634,False,
osaka_kansai,Osaka/Kansai Metropolitan Area,2211,2925.0,37835.0,0.5996303755208952,False,
osaka_kansai,Osaka/Kansai Metropolitan Area,2213,223.0,2250.0,0.7687300136747235,False,
osaka_kansai,Osaka/Kansai Metropolitan Area,2221,6631.0,24664.0,2.085292632809799,False,
osaka_kansai,Osaka/Kansai Metropolitan Area,2231,1239.0,7228.0,1.3295499413229261,False,
osaka_kansai,Osaka/Kansai Metropolitan Area,2232,1921.0,5833.0,2.5543880931099254,False,
osaka_kansai,Osaka/Kansai Metropolitan Area,2233,394.0,1220.0,2.504885529378234,False,
osaka_kansai,Osaka/Kansai Metropolitan Area,2234,1822.0,8061.0,1.7531171738473563,False,
osaka_kansai,Osaka/Kansai Metropolitan Area,2235,0.0,460.0,0.0,False,
osaka_kansai,Osaka/Kansai Metropolitan Area,2236,730.0,3086.0,1.8347564837305659,False,
osaka_kansai,Osaka/Kansai Metropolitan Area,2237,449.0,2426.0,1.435512693789791,False,
osaka_kansai,Osaka/Kansai Metropolitan Area,2238,6014.0,11892.0,3.9224734795670453,False,
osaka_kansai,Osaka/Kansai Metropolitan Area,2239,7.0,7.0,7.756244532592501,False,
osaka_kansai,Osaka/Kansai Metropolitan Area,2241,120.0,905.0,1.028452313713923,False,
osaka_kansai,Osaka/Kansai Metropolitan Area,2249,290.0,2560.0,0.8786370759577444,False,
osaka_kansai,Osaka/Kansai Metropolitan Area,2251,1854.0,24293.0,0.5919432496367883,False,
osaka_kansai,Osaka/Kansai Metropolitan Area,2252,236.0,2471.0,0.7407825615911899,False,
osaka_kansai,Osaka/Kansai Metropolitan Area,2253,439.0,6123.0,0.5560985382668804,False,
osaka_kansai,Osaka/Kansai Metropolitan Area,2254,2365.0,13239.0,1.385566758787013,False,
osaka_kansai,Osaka/Kansai Metropolitan Area,2255,52.0,2356.0,0.17119045657674453,False,
osaka_kansai,Osaka/Kansai Metropolitan Area,2291,6401.0,30567.0,1.624226167210541,False,
osaka_kansai,Osaka/Kansai Metropolitan Area,2292,1460.0,12092.0,0.9364966107827533,False,
osaka_kansai,Osaka/Kansai Metropolitan Area,2293,1346.0,2539.0,4.111817700224304,False,
osaka_kansai,Osaka/Kansai Metropolitan Area,2299,3322.0,16446.0,1.5667180066443078,False,
osaka_kansai,Osaka/Kansai Metropolitan Area,2311,182.0,1778.0,0.7939462907378152,False,
osaka_kansai,Osaka/Kansai Metropolitan Area,2312,0.0,1107.0,0.0,False,
osaka_kansai,Osaka/Kansai Metropolitan Area,2319,1220.0,6423.0,1.4732396590009111,False,
osaka_kansai,Osaka/Kansai Metropolitan Area,2321,327.0,2552.0,0.9938448127577383,False,
osaka_kansai,Osaka/Kansai Metropolitan Area,2322,339.0,5712.0,0.4603233362305424,False,
osaka_kansai,Osaka/Kansai Metropolitan Area,2329,820.0,4714.0,1.3491982428353526,False,
osaka_kansai,Osaka/Kansai Metropolitan Area,2331,1419.0,10613.0,1.0370405155704099,False,
osaka_kansai,Osaka/Kansai Metropolitan Area,2332,1624.0,15589.0,0.8080146976028112,False,
osaka_kansai,Osaka/Kansai Metropolitan Area,2339,444.0,5265.0,0.6540878580191968,False,
osaka_kansai,Osaka/Kansai Metropolitan Area,2341,4412.0,24478.0,1.3980125368820213,False,
osaka_kansai,Osaka/Kansai Metropolitan Area,2342,0.0,3701.0,0.0,False,
osaka_kansai,Osaka/Kansai Metropolitan Area,2351,561.0,3732.0,1.1659306491919597,False,
osaka_kansai,Osaka/Kansai Metropolitan Area,2352,764.0,8085.0,0.7329339298578443,False,
osaka_kansai,Osaka/Kansai Metropolitan Area,2353,2771.0,22658.0,0.9485635801842097,False,
osaka_kansai,Osaka/Kansai Metropolitan Area,2354,385.0,2899.0,1.0300635201959687,False,
osaka_kansai,Osaka/Kansai Metropolitan Area,2355,566.0,4226.0,1.0388155242421573,False,
osaka_kansai,Osaka/Kansai Metropolitan Area,2391,312.0,4235.0,0.5714163622594712,False,
osaka_kansai,Osaka/Kansai Metropolitan Area,2399,2571.0,13310.0,1.4982197365360874,False,
osaka_kansai,Osaka/Kansai Metropolitan Area,2411,2173.0,7968.0,2.115250924864898,False,
osaka_kansai,Osaka/Kansai Metropolitan Area,2421,15.0,883.0,0.13175953339624863,False,
osaka_kansai,Osaka/Kansai Metropolitan Area,2422,1325.0,5619.0,1.8289773991253009,False,
osaka_kansai,Osaka/Kansai Metropolitan Area,2423,1164.0,5359.0,1.684692785209493,False,
osaka_kansai,Osaka/Kansai Metropolitan Area,2424,1581.0,4016.0,3.053441883971301,False,
osaka_kansai,Osaka/Kansai Metropolitan Area,2425,506.0,1035.0,3.7919417714896673,False,
osaka_kansai,Osaka/Kansai Metropolitan Area,2426,232.0,1495.0,1.20364463649596,False,
osaka_kansai,Osaka/Kansai Metropolitan Area,2429,4387.0,17935.0,1.897220226622989,False,
osaka_kansai,Osaka/Kansai Metropolitan Area,2431,3616.0,14143.0,1.9830715003785964,False,
osaka_kansai,Osaka/Kansai Metropolitan Area,2432,4593.0,19465.0,1.8301788409040516,False,
osaka_kansai,Osaka/Kansai Metropolitan Area,2433,167.0,842.0,1.5383525379369927,False,
osaka_kansai,Osaka/Kansai Metropolitan Area,2439,108.0,937.0,0.8939961681109821,False,
osaka_kansai,Osaka/Kansai Metropolitan Area,2441,3316.0,34442.0,0.7467541626524806,False,
osaka_kansai,Osaka/Kansai Metropolitan Area,2442,6419.0,43225.0,1.15181801398985,False,
osaka_kansai,Osaka/Kansai Metropolitan Area,2443,2474.0,37988.0,0.5051318567345965,False,
osaka_kansai,Osaka/Kansai Metropolitan Area,2444,404.0,6981.0,0.4488644594137474,False,
osaka_kansai,Osaka/Kansai Metropolitan Area,2445,4472.0,31294.0,1.1083890058718497,False,
osaka_kansai,Osaka/Kansai Metropolitan Area,2446,9368.0,57701.0,1.259258917199469,False,
osaka_kansai,Osaka/Kansai Metropolitan Area,2451,2195.0,13833.0,1.2307494216034514,False,
osaka_kansai,Osaka/Kansai Metropolitan Area,2452,8838.0,66164.0,1.0360572090419644,False,
osaka_kansai,Osaka/Kansai Metropolitan Area,2453,1182.0,12986.0,0.7059819064780792,False,
osaka_kansai,Osaka/Kansai Metropolitan Area,2461,4462.0,21533.0,1.6072244046081707,False,
osaka_kansai,Osaka/Kansai Metropolitan Area,2462,1502.0,6214.0,1.8747794155059445,False,
osaka_kansai,Osaka/Kansai Metropolitan Area,2463,192.0,711.0,2.0945132915017726,False,
osaka_kansai,Osaka/Kansai Metropolitan Area,2464,4166.0,26987.0,1.1973362998028814,False,
osaka_kansai,Osaka/Kansai Metropolitan Area,2465,3611.0,16488.0,1.698677766083911,False,
osaka_kansai,Osaka/Kansai Metropolitan Area,2469,5824.0,30724.0,1.4702632521097099,False,
osaka_kansai,Osaka/Kansai Metropolitan Area,2471,163.0,477.0,2.650456727070394,False,
osaka_kansai,Osaka/Kansai Metropolitan Area,2479,2682.0,11577.0,1.7968599668664669,False,
osaka_kansai,Osaka/Kansai Metropolitan Area,2481,8943.0,35667.0,1.9447695307980695,False,
osaka_kansai,Osaka/Kansai Metropolitan Area,2491,0.0,867.0,0.0,False,
osaka_kansai,Osaka/Kansai Metropolitan Area,2492,2620.0,17755.0,1.144542983688671,False,
osaka_kansai,Osaka/Kansai Metropolitan Area,2499,6748.0,29331.0,1.7844307424204495,False,
osaka_kansai,Osaka/Kansai Metropolitan Area,2511,1097.0,9294.0,0.9154938941525688,False,
osaka_kansai,Osaka/Kansai Metropolitan Area,2512,4929.0,12178.0,3.139310995331618,False,
osaka_kansai,Osaka/Kansai Metropolitan Area,2513,1468.0,13748.0,0.8282053370559931,False,
osaka_kansai,Osaka/Kansai Metropolitan Area,2519,5460.0,9267.0,4.569881854748576,False,
osaka_kansai,Osaka/Kansai Metropolitan Area,2521,4853.0,15673.0,2.4016496341907363,False,
osaka_kansai,Osaka/Kansai Metropolitan Area,2522,1453.0,10872.0,1.0365915476321657,False,
osaka_kansai,Osaka/Kansai Metropolitan Area,2523,6815.0,36637.0,1.4427711463716433,False,
osaka_kansai,Osaka/Kansai Metropolitan Area,2531,6371.0,28065.0,1.7607352188543322,False,
osaka_kansai,Osaka/Kansai Metropolitan Area,2532,751.0,9897.0,0.588556092146809,False,
osaka_kansai,Osaka/Kansai Metropolitan Area,2533,3675.0,29450.0,0.967884504491594,False,
osaka_kansai,Osaka/Kansai Metropolitan Area,2534,516.0,2247.0,1.7811402664965423,False,
osaka_kansai,Osaka/Kansai Metropolitan Area,2535,3672.0,29936.0,0.9513939712613465,False,
osaka_kansai,Osaka/Kansai Metropolitan Area,2591,623.0,2065.0,2.3400195369516363,False,
osaka_kansai,Osaka/Kansai Metropolitan Area,2592,4114.0,20932.0,1.5244214603041062,False,
osaka_kansai,Osaka/Kansai Metropolitan Area,2593,717.0,4648.0,1.1964774806086111,False,
osaka_kansai,Osaka/Kansai Metropolitan Area,2594,7132.0,41372.0,1.3370766703676331,False,
osaka_kansai,Osaka/Kansai Metropolitan Area,2595,0.0,2642.0,0.0,False,
osaka_kansai,Osaka/Kansai Metropolitan Area,2596,2982.0,16143.0,1.4327647398990795,False,
osaka_kansai,Osaka/Kansai Metropolitan Area,2599,3252.0,23335.0,1.08092167216588,False,
osaka_kansai,Osaka/Kansai Metropolitan Area,2611,2887.0,27880.0,0.8031663545765622,False,
osaka_kansai,Osaka/Kansai Metropolitan Area,2621,18475.0,69237.0,2.06965376517825,False,
osaka_kansai,Osaka/Kansai Metropolitan Area,2631,17.0,1354.0,0.09738268615514957,False,
osaka_kansai,Osaka/Kansai Metropolitan Area,2632,348.0,3536.0,0.7633408080718865,False,
osaka_kansai,Osaka/Kansai Metropolitan Area,2633,168.0,691.0,1.8857439674030976,False,
osaka_kansai,Osaka/Kansai Metropolitan Area,2634,625.0,3205.0,1.5125281849829373,False,
osaka_kansai,Osaka/Kansai Metropolitan Area,2635,558.0,2689.0,1.6095144846361533,False,
osaka_kansai,Osaka/Kansai Metropolitan Area,2641,2736.0,15193.0,1.396767263948732,False,
osaka_kansai,Osaka/Kansai Metropolitan Area,2642,113.0,2851.0,0.30742042517816653,False,
osaka_kansai,Osaka/Kansai Metropolitan Area,2643,86.0,2029.0,0.32875161646276746,False,
osaka_kansai,Osaka/Kansai Metropolitan Area,2644,1434.0,10647.0,1.0446562092361837,False,
osaka_kansai,Osaka/Kansai Metropolitan Area,2645,3027.0,14808.0,1.5855046056292208,False,
osaka_kansai,Osaka/Kansai Metropolitan Area,2651,722.0,3855.0,1.4526611031210859,False,
osaka_kansai,Osaka/Kansai Metropolitan Area,2652,7562.0,27724.0,2.1155937510988494,False,
osaka_kansai,Osaka/Kansai Metropolitan Area,2653,4826.0,16517.0,2.2662490836284688,False,
osaka_kansai,Osaka/Kansai Metropolitan Area,2661,4953.0,46418.0,0.8276246104944346,False,
osaka_kansai,Osaka/Kansai Metropolitan Area,2662,3301.0,18009.0,1.4216982176738215,False,
osaka_kansai,Osaka/Kansai Metropolitan Area,2663,7007.0,51344.0,1.0585074291032186,False,
osaka_kansai,Osaka/Kansai Metropolitan Area,2664,5626.0,34558.0,1.2627070935923783,False,
osaka_kansai,Osaka/Kansai Metropolitan Area,2671,4761.0,77445.0,0.4768220055481038,True,semiconductor_equipment_robotics
osaka_kansai,Osaka/Kansai Metropolitan Area,2672,1568.0,12245.0,0.9932046898411631,False,
osaka_kansai,Osaka/Kansai Metropolitan Area,2691,5253.0,44101.0,0.9238691306253466,False,
osaka_kansai,Osaka/Kansai Metropolitan Area,2692,6149.0,29327.0,1.6262538831421995,False,
osaka_kansai,Osaka/Kansai Metropolitan Area,2693,883.0,6992.0,0.9795142909438185,False,
osaka_kansai,Osaka/Kansai Metropolitan Area,2694,2909.0,20978.0,1.075551308290189,True,semiconductor_equipment_robotics
osaka_kansai,Osaka/Kansai Metropolitan Area,2699,8499.0,63210.0,1.042878061738707,False,
osaka_kansai,Osaka/Kansai Metropolitan Area,2711,3300.0,20857.0,1.2271950403967615,False,
osaka_kansai,Osaka/Kansai Metropolitan Area,2719,3364.0,13490.0,1.9341739516413032,False,
osaka_kansai,Osaka/Kansai Metropolitan Area,2721,541.0,6273.0,0.6689189051701806,False,
osaka_kansai,Osaka/Kansai Metropolitan Area,2722,572.0,10693.0,0.4149043180251484,False,
osaka_kansai,Osaka/Kansai Metropolitan Area,2723,171.0,3895.0,0.3405180526504025,False,
osaka_kansai,Osaka/Kansai Metropolitan Area,2729,914.0,4399.0,1.6115497846759597,False,
osaka_kansai,Osaka/Kansai Metropolitan Area,2731,658.0,5260.0,0.9702678521760203,False,
osaka_kansai,Osaka/Kansai Metropolitan Area,2732,1107.0,3923.0,2.1886726223757074,False,
osaka_kansai,Osaka/Kansai Metropolitan Area,2733,1517.0,5521.0,2.1311760470825623,False,
osaka_kansai,Osaka/Kansai Metropolitan Area,2734,591.0,9527.0,0.4811525683596272,False,
osaka_kansai,Osaka/Kansai Metropolitan Area,2735,3828.0,7638.0,3.887261596067569,False,
osaka_kansai,Osaka/Kansai Metropolitan Area,2736,1329.0,3964.0,2.6004159898626225,False,
osaka_kansai,Osaka/Kansai Metropolitan Area,2737,421.0,3029.0,1.0780386095151677,False,
osaka_kansai,Osaka/Kansai Metropolitan Area,2738,523.0,4212.0,0.9630854440992114,True,measurement_medical_precision
osaka_kansai,Osaka/Kansai Metropolitan Area,2739,3383.0,18845.0,1.3923786284829098,True,measurement_medical_precision
osaka_kansai,Osaka/Kansai Metropolitan Area,2741,2129.0,42476.0,0.3887617621689763,True,measurement_medical_precision
osaka_kansai,Osaka/Kansai Metropolitan Area,2742,1005.0,4328.0,1.8010687974250148,False,
osaka_kansai,Osaka/Kansai Metropolitan Area,2743,1271.0,7371.0,1.3374286800875146,True,measurement_medical_precision
osaka_kansai,Osaka/Kansai Metropolitan Area,2744,1169.0,3570.0,2.5397898763587214,False,
osaka_kansai,Osaka/Kansai Metropolitan Area,2751,25.0,3039.0,0.0638058944767399,False,
osaka_kansai,Osaka/Kansai Metropolitan Area,2752,132.0,3162.0,0.32379009433972494,False,
osaka_kansai,Osaka/Kansai Metropolitan Area,2753,494.0,15229.0,0.25159792495243916,True,measurement_medical_precision
osaka_kansai,Osaka/Kansai Metropolitan Area,2761,182.0,8993.0,0.15697058878370238,False,
osaka_kansai,Osaka/Kansai Metropolitan Area,2811,15.0,3989.0,0.029166123837775764,True,electronic_components_semiconductors
osaka_kansai,Osaka/Kansai Metropolitan Area,2812,726.0,14986.0,0.3757529381197222,False,
osaka_kansai,Osaka/Kansai Metropolitan Area,2813,2214.0,22899.0,0.7499159524503165,True,electronic_components_semiconductors
osaka_kansai,Osaka/Kansai Metropolitan Area,2814,2837.0,57245.0,0.3843910514274596,False,
osaka_kansai,Osaka/Kansai Metropolitan Area,2815,2484.0,16341.0,1.1790289100397633,False,
osaka_kansai,Osaka/Kansai Metropolitan Area,2821,1645.0,53844.0,0.23696274898066017,False,
osaka_kansai,Osaka/Kansai Metropolitan Area,2822,32.0,2070.0,0.11990329712220293,False,
osaka_kansai,Osaka/Kansai Metropolitan Area,2823,1357.0,29521.0,0.35653344502991174,False,
osaka_kansai,Osaka/Kansai Metropolitan Area,2831,0.0,1028.0,0.0,True,electronic_components_semiconductors
osaka_kansai,Osaka/Kansai Metropolitan Area,2832,69.0,2613.0,0.20481472359314298,False,
osaka_kansai,Osaka/Kansai Metropolitan Area,2841,3108.0,40800.0,0.5908433335121935,True,electronic_components_semiconductors
osaka_kansai,Osaka/Kansai Metropolitan Area,2842,3221.0,38783.0,0.6441704777732628,True,electronic_components_semiconductors
osaka_kansai,Osaka/Kansai Metropolitan Area,2851,1116.0,11104.0,0.7795361039601253,False,
osaka_kansai,Osaka/Kansai Metropolitan Area,2859,1349.0,12707.0,0.8234181061200351,False,
osaka_kansai,Osaka/Kansai Metropolitan Area,2899,6857.0,104216.0,0.5103301677284369,True,electronic_components_semiconductors
osaka_kansai,Osaka/Kansai Metropolitan Area,2911,4657.0,36538.0,0.9885825931436665,True,electrical_industrial_equipment
osaka_kansai,Osaka/Kansai Metropolitan Area,2912,3959.0,15532.0,1.9770133984376586,True,electrical_industrial_equipment
osaka_kansai,Osaka/Kansai Metropolitan Area,2913,3021.0,26806.0,0.8741182844498228,False,
osaka_kansai,Osaka/Kansai Metropolitan Area,2914,8382.0,73233.0,0.8877533580788762,False,
osaka_kansai,Osaka/Kansai Metropolitan Area,2915,2193.0,15239.0,1.1161785064620617,False,
osaka_kansai,Osaka/Kansai Metropolitan Area,2921,210.0,2840.0,0.5735251238888821,True,electrical_industrial_equipment
osaka_kansai,Osaka/Kansai Metropolitan Area,2922,12528.0,78210.0,1.242427202459006,False,
osaka_kansai,Osaka/Kansai Metropolitan Area,2929,4721.0,27919.0,1.311552363564927,True,electrical_industrial_equipment
osaka_kansai,Osaka/Kansai Metropolitan Area,2931,2361.0,10838.0,1.6896561488698005,False,
osaka_kansai,Osaka/Kansai Metropolitan Area,2932,2752.0,28697.0,0.7438124178030654,False,
osaka_kansai,Osaka/Kansai Metropolitan Area,2933,49.0,4207.0,0.09033895462254163,False,
osaka_kansai,Osaka/Kansai Metropolitan Area,2939,1083.0,14410.0,0.5829294121303039,False,
osaka_kansai,Osaka/Kansai Metropolitan Area,2941,2148.0,5440.0,3.062575966178069,False,
osaka_kansai,Osaka/Kansai Metropolitan Area,2942,4704.0,27664.0,1.3188755885379964,False,
osaka_kansai,Osaka/Kansai Metropolitan Area,2951,7515.0,23766.0,2.4525867904751597,False,
osaka_kansai,Osaka/Kansai Metropolitan Area,2952,1914.0,3243.0,4.577691037737295,False,
osaka_kansai,Osaka/Kansai Metropolitan Area,2961,661.0,7231.0,0.7090136407196299,False,
osaka_kansai,Osaka/Kansai Metropolitan Area,2962,445.0,3713.0,0.9295795359557402,True,electrical_industrial_equipment
osaka_kansai,Osaka/Kansai Metropolitan Area,2969,1851.0,17250.0,0.8322787611494911,True,electrical_industrial_equipment
osaka_kansai,Osaka/Kansai Metropolitan Area,2971,3108.0,22567.0,1.068215004533057,True,electrical_industrial_equipment
osaka_kansai,Osaka/Kansai Metropolitan Area,2972,1786.0,8362.0,1.6566195569493194,False,
osaka_kansai,Osaka/Kansai Metropolitan Area,2973,1265.0,12329.0,0.7958187471595032,True,electrical_industrial_equipment
osaka_kansai,Osaka/Kansai Metropolitan Area,2999,2321.0,14796.0,1.216696645049148,True,electrical_industrial_equipment
osaka_kansai,Osaka/Kansai Metropolitan Area,3011,146.0,10952.0,0.1033977083417189,True,communication_computer_equipment
osaka_kansai,Osaka/Kansai Metropolitan Area,3012,1468.0,3037.0,3.7491494810160657,False,
osaka_kansai,Osaka/Kansai Metropolitan Area,3013,3525.0,28502.0,0.9592576653353648,True,communication_computer_equipment
osaka_kansai,Osaka/Kansai Metropolitan Area,3014,64.0,1331.0,0.37295240427191595,False,
osaka_kansai,Osaka/Kansai Metropolitan Area,3015,844.0,5726.0,1.1432536474865649,False,
osaka_kansai,Osaka/Kansai Metropolitan Area,3019,1033.0,6579.0,1.217844748771554,True,communication_computer_equipment
osaka_kansai,Osaka/Kansai Metropolitan Area,3021,175.0,2520.0,0.538628092541146,False,
osaka_kansai,Osaka/Kansai Metropolitan Area,3022,356.0,10338.0,0.26709451089213876,False,
osaka_kansai,Osaka/Kansai Metropolitan Area,3023,2078.0,6371.0,2.52981888851471,True,communication_computer_equipment
osaka_kansai,Osaka/Kansai Metropolitan Area,3031,40.0,3686.0,0.08416977246437873,True,communication_computer_equipment
osaka_kansai,Osaka/Kansai Metropolitan Area,3032,383.0,5729.0,0.5185270825594219,False,
osaka_kansai,Osaka/Kansai Metropolitan Area,3033,70.0,2474.0,0.21945720181142891,False,
osaka_kansai,Osaka/Kansai Metropolitan Area,3034,110.0,14763.0,0.057792244027987216,False,
osaka_kansai,Osaka/Kansai Metropolitan Area,3035,927.0,3349.0,2.146921075459316,False,
osaka_kansai,Osaka/Kansai Metropolitan Area,3039,280.0,7629.0,0.2846701362073536,False,
osaka_kansai,Osaka/Kansai Metropolitan Area,3111,14513.0,192607.0,0.5844355444065635,False,
osaka_kansai,Osaka/Kansai Metropolitan Area,3112,1305.0,22680.0,0.4462918481055209,False,
osaka_kansai,Osaka/Kansai Metropolitan Area,3113,25627.0,638673.0,0.31122229785312366,False,
osaka_kansai,Osaka/Kansai Metropolitan Area,3121,4951.0,13044.0,2.943971686665553,False,
osaka_kansai,Osaka/Kansai Metropolitan Area,3122,5642.0,15010.0,2.9154384845361023,False,
osaka_kansai,Osaka/Kansai Metropolitan Area,3131,5316.0,38005.0,1.0849150357916522,False,
osaka_kansai,Osaka/Kansai Metropolitan Area,3132,276.0,7066.0,0.3029611507211336,False,
osaka_kansai,Osaka/Kansai Metropolitan Area,3133,75.0,2155.0,0.2699389048466068,False,
osaka_kansai,Osaka/Kansai Metropolitan Area,3134,3588.0,18155.0,1.5328782915418284,False,
osaka_kansai,Osaka/Kansai Metropolitan Area,3141,42.0,8458.0,0.038515283798638576,False,
osaka_kansai,Osaka/Kansai Metropolitan Area,3142,1536.0,9138.0,1.3037416942506108,False,
osaka_kansai,Osaka/Kansai Metropolitan Area,3149,2571.0,20296.0,0.9825238812226705,False,
osaka_kansai,Osaka/Kansai Metropolitan Area,3151,1278.0,8035.0,1.2336627893781227,False,
osaka_kansai,Osaka/Kansai Metropolitan Area,3159,1025.0,6795.0,1.170000095056264,False,
osaka_kansai,Osaka/Kansai Metropolitan Area,3191,3873.0,8068.0,3.7233434648897816,False,
osaka_kansai,Osaka/Kansai Metropolitan Area,3199,961.0,9425.0,0.7908489120234901,False,
osaka_kansai,Osaka/Kansai Metropolitan Area,3211,559.0,4702.0,0.922105634563847,False,
osaka_kansai,Osaka/Kansai Metropolitan Area,3212,75.0,1186.0,0.4904876390762543,False,
osaka_kansai,Osaka/Kansai Metropolitan Area,3219,100.0,443.0,1.7508452669509034,False,
osaka_kansai,Osaka/Kansai Metropolitan Area,3221,747.0,2459.0,2.356207672162098,False,
osaka_kansai,Osaka/Kansai Metropolitan Area,3222,118.0,567.0,1.6141743471709262,False,
osaka_kansai,Osaka/Kansai Metropolitan Area,3223,223.0,774.0,2.234680272310243,False,
osaka_kansai,Osaka/Kansai Metropolitan Area,3224,331.0,5401.0,0.47534103689837404,False,
osaka_kansai,Osaka/Kansai Metropolitan Area,3229,135.0,722.0,1.450267329501368,False,
osaka_kansai,Osaka/Kansai Metropolitan Area,3231,0.0,6225.0,0.0,False,
osaka_kansai,Osaka/Kansai Metropolitan Area,3241,0.0,963.0,0.0,False,
osaka_kansai,Osaka/Kansai Metropolitan Area,3249,61.0,4751.0,0.09958554335679701,False,
osaka_kansai,Osaka/Kansai Metropolitan Area,3251,1076.0,6293.0,1.3261908655759624,False,
osaka_kansai,Osaka/Kansai Metropolitan Area,3252,146.0,1642.0,0.6896538987567024,False,
osaka_kansai,Osaka/Kansai Metropolitan Area,3253,2003.0,13462.0,1.1540452977850826,False,
osaka_kansai,Osaka/Kansai Metropolitan Area,3261,319.0,7875.0,0.31418946106628676,False,
osaka_kansai,Osaka/Kansai Metropolitan Area,3262,655.0,1355.0,3.749328537895268,False,
osaka_kansai,Osaka/Kansai Metropolitan Area,3269,763.0,3083.0,1.9195635998599023,False,
osaka_kansai,Osaka/Kansai Metropolitan Area,3271,65.0,1639.0,0.30759969165253975,False,
osaka_kansai,Osaka/Kansai Metropolitan Area,3281,54.0,398.0,1.0523547858291333,False,
osaka_kansai,Osaka/Kansai Metropolitan Area,3282,632.0,3515.0,1.3945793867989933,False,
osaka_kansai,Osaka/Kansai Metropolitan Area,3283,139.0,692.0,1.557973974032309,False,
osaka_kansai,Osaka/Kansai Metropolitan Area,3284,1678.0,4651.0,2.7983182811632377,False,
osaka_kansai,Osaka/Kansai Metropolitan Area,3285,10.0,87.0,0.8915223600681037,False,
osaka_kansai,Osaka/Kansai Metropolitan Area,3289,712.0,2582.0,2.1388249834259727,False,
osaka_kansai,Osaka/Kansai Metropolitan Area,3291,28.0,1231.0,0.17642148408821287,False,
osaka_kansai,Osaka/Kansai Metropolitan Area,3292,2071.0,17035.0,0.9429517127677765,False,
osaka_kansai,Osaka/Kansai Metropolitan Area,3293,559.0,4530.0,0.9571171509313926,False,
osaka_kansai,Osaka/Kansai Metropolitan Area,3294,450.0,1916.0,1.8216649476339386,False,
osaka_kansai,Osaka/Kansai Metropolitan Area,3295,892.0,8445.0,0.8192504586231512,False,
osaka_kansai,Osaka/Kansai Metropolitan Area,3296,330.0,3452.0,0.7414718122119136,False,
osaka_kansai,Osaka/Kansai Metropolitan Area,3297,507.0,7094.0,0.554329853118748,False,
osaka_kansai,Osaka/Kansai Metropolitan Area,3299,6551.0,33997.0,1.4945776960618136,False,
