region,region_label,industry_code_4d,value_added_mn_yen,value_added_mn_yen_japan,lq,is_hightech,hightech_category
tokyo_ma,Tokyo Metropolitan Area,0911,68417.32999999999,401233.1,1.0451345755602477,False,
tokyo_ma,Tokyo Metropolitan Area,0912,56660.54,311321.52,1.1155124302154964,False,
tokyo_ma,Tokyo Metropolitan Area,0913,58423.57000000001,297394.37,1.204087909576936,False,
tokyo_ma,Tokyo Metropolitan Area,0914,138976.27,487426.3,1.7475698351937403,False,
tokyo_ma,Tokyo Metropolitan Area,0919,24215.989999999998,292592.79,0.5072726591320103,False,
tokyo_ma,Tokyo Metropolitan Area,0921,1159.38,21517.350000000002,0.33024774976261373,False,
tokyo_ma,Tokyo Metropolitan Area,0922,9529.03,121847.15000000001,0.47933171571175126,False,
tokyo_ma,Tokyo Metropolitan Area,0923,16380.09,141750.89,0.7082610130694384,False,
tokyo_ma,Tokyo Metropolitan Area,0924,5634.52,82936.81,0.4164016528189959,False,
tokyo_ma,Tokyo Metropolitan Area,0925,26806.860000000004,141130.35,1.1642020900693064,False,
tokyo_ma,Tokyo Metropolitan Area,0926,20426.379999999997,139627.44,0.8966510852393609,False,
tokyo_ma,Tokyo Metropolitan Area,0929,16939.96,282563.71,0.3674505005779669,False,
tokyo_ma,Tokyo Metropolitan Area,0931,20420.3,136549.62,0.9165886375250357,False,
tokyo_ma,Tokyo Metropolitan Area,0932,31276.050000000003,156836.04,1.2222748554912841,False,
tokyo_ma,Tokyo Metropolitan Area,0941,342.58000000000004,54355.229999999996,0.03862989380377791,False,
tokyo_ma,Tokyo Metropolitan Area,0942,11090.58,40381.73,1.6833413248392055,False,
tokyo_ma,Tokyo Metropolitan Area,0943,13221.01,95253.3,0.8507215812197703,False,
tokyo_ma,Tokyo Metropolitan Area,0944,0.0,3785.06,0.0,False,
tokyo_ma,Tokyo Metropolitan Area,0949,115455.31000000001,526785.24,1.3433313825029285,False,
tokyo_ma,Tokyo Metropolitan Area,0951,0.0,39043.86,0.0,False,
tokyo_ma,Tokyo Metropolitan Area,0952,11775.300000000001,32499.78,2.220723080603405,False,
tokyo_ma,Tokyo Metropolitan Area,0953,0.0,34304.36,0.0,False,
tokyo_ma,Tokyo Metropolitan Area,0961,42639.630000000005,143622.73,1.8196719346568095,False,
tokyo_ma,Tokyo Metropolitan Area,0962,10998.02,52095.65,1.293945221168541,False,
tokyo_ma,Tokyo Metropolitan Area,0969,6149.78,40997.659999999996,0.9193975821266017,False,
tokyo_ma,Tokyo Metropolitan Area,0971,336722.33999999997,936963.61,2.2026832729472723,False,
tokyo_ma,Tokyo Metropolitan Area,0972,99868.9,519408.83999999997,1.1784842334159493,False,
tokyo_ma,Tokyo Metropolitan Area,0973,47597.18,230150.41,1.267571064665198,False,
tokyo_ma,Tokyo Metropolitan Area,0974,15765.3,180963.25,0.533967345824635,False,
tokyo_ma,Tokyo Metropolitan Area,0979,221809.68,767009.5,1.7724851250364095,False,
tokyo_ma,Tokyo Metropolitan Area,0981,28443.64,95590.31,1.8237871450287086,False,
tokyo_ma,Tokyo Metropolitan Area,0982,1915.58,59709.52,0.19663442886720872,False,
tokyo_ma,Tokyo Metropolitan Area,0991,0.0,8055.97,0.0,False,
tokyo_ma,Tokyo Metropolitan Area,0992,66446.84,406923.56,1.0008392845750491,False,
tokyo_ma,Tokyo Metropolitan Area,0993,12041.99,144424.29,0.511047029195984,False,
tokyo_ma,Tokyo Metropolitan Area,0994,2575.2099999999996,34035.82,0.46374504134523015,False,
tokyo_ma,Tokyo Metropolitan Area,0995,64431.520000000004,441947.87,0.8935732900523298,False,
tokyo_ma,Tokyo Metropolitan Area,0996,115133.39,395830.98,1.7827660608195637,False,
tokyo_ma,Tokyo Metropolitan Area,0997,203518.88,607069.26,2.054798825314545,False,
tokyo_ma,Tokyo Metropolitan Area,0998,937.69,53496.91,0.10743194382444224,False,
tokyo_ma,Tokyo Metropolitan Area,0999,159061.02000000002,1014849.61,0.9606494112265819,False,
tokyo_ma,Tokyo Metropolitan Area,1011,96245.17,857039.99,0.688304650868649,False,
tokyo_ma,Tokyo Metropolitan Area,1021,251.39,12325.029999999999,0.12501521148105288,False,
tokyo_ma,Tokyo Metropolitan Area,1022,58897.5,195189.43,1.8494534807664327,False,
tokyo_ma,Tokyo Metropolitan Area,1023,9156.83,152554.33,0.36789463919465415,False,
tokyo_ma,Tokyo Metropolitan Area,1024,47831.14,515534.86,0.5686637461247169,False,
tokyo_ma,Tokyo Metropolitan Area,1031,1466.73,97372.14,0.09232478545970792,False,
tokyo_ma,Tokyo Metropolitan Area,1032,10303.49,58275.42,1.0836818225779914,False,
tokyo_ma,Tokyo Metropolitan Area,1041,18454.030000000002,29904.74,3.7822831536383306,False,
tokyo_ma,Tokyo Metropolitan Area,1051,0.0,0.0,,False,
tokyo_ma,Tokyo Metropolitan Area,1052,0.0,0.0,,False,
tokyo_ma,Tokyo Metropolitan Area,1061,11037.080000000002,226598.69,0.29853801622472104,False,
tokyo_ma,Tokyo Metropolitan Area,1062,5351.65,28509.07,1.1505553052355124,False,
tokyo_ma,Tokyo Metropolitan Area,1063,801.3399999999999,40170.26,0.12226862435455033,False,
tokyo_ma,Tokyo Metropolitan Area,1111,0.0,186.33999999999997,0.0,False,
tokyo_ma,Tokyo Metropolitan Area,1112,0.0,92954.05,0.0,False,
tokyo_ma,Tokyo Metropolitan Area,1113,0.0,16241.97,0.0,False,
tokyo_ma,Tokyo Metropolitan Area,1114,0.0,3399.17,0.0,False,
tokyo_ma,Tokyo Metropolitan Area,1115,0.0,4552.34,0.0,False,
tokyo_ma,Tokyo Metropolitan Area,1116,0.0,2710.77,0.0,False,
tokyo_ma,Tokyo Metropolitan Area,1117,465.4,14722.75,0.19374936523007869,False,
tokyo_ma,Tokyo Metropolitan Area,1118,0.0,7484.099999999999,0.0,False,
tokyo_ma,Tokyo Metropolitan Area,1119,0.0,615.86,0.0,False,
tokyo_ma,Tokyo Metropolitan Area,1121,121.57,31203.84,0.023879279635090893,False,
tokyo_ma,Tokyo Metropolitan Area,1122,200.52,45898.0,0.02677729981854149,False,
tokyo_ma,Tokyo Metropolitan Area,1123,0.0,11282.599999999999,0.0,False,
tokyo_ma,Tokyo Metropolitan Area,1124,0.0,82.66,0.0,False,
tokyo_ma,Tokyo Metropolitan Area,1125,0.0,15208.76,0.0,False,
tokyo_ma,Tokyo Metropolitan Area,1129,0.0,829.6400000000001,0.0,False,
tokyo_ma,Tokyo Metropolitan Area,1131,513.07,11788.689999999999,0.266755830762352,False,
tokyo_ma,Tokyo Metropolitan Area,1132,0.0,7916.85,0.0,False,
tokyo_ma,Tokyo Metropolitan Area,1133,183.09,932.64,1.203243249014358,False,
tokyo_ma,Tokyo Metropolitan Area,1141,0.0,12122.13,0.0,False,
tokyo_ma,Tokyo Metropolitan Area,1142,0.0,27074.690000000002,0.0,False,
tokyo_ma,Tokyo Metropolitan Area,1143,0.0,4514.65,0.0,False,
tokyo_ma,Tokyo Metropolitan Area,1144,0.0,4261.29,0.0,False,
tokyo_ma,Tokyo Metropolitan Area,1145,1147.97,9870.78,0.7128233431073646,False,
tokyo_ma,Tokyo Metropolitan Area,1146,0.0,9210.53,0.0,False,
tokyo_ma,Tokyo Metropolitan Area,1147,0.0,16354.73,0.0,False,
tokyo_ma,Tokyo Metropolitan Area,1148,188.63,9701.92,0.1191669770315692,False,
tokyo_ma,Tokyo Metropolitan Area,1151,0.0,11076.1,0.0,False,
tokyo_ma,Tokyo Metropolitan Area,1152,0.0,14072.27,0.0,False,
tokyo_ma,Tokyo Metropolitan Area,1153,0.0,5341.39,0.0,False,
tokyo_ma,Tokyo Metropolitan Area,1154,64.07,6896.41,0.056942233520017954,False,
tokyo_ma,Tokyo Metropolitan Area,1155,713.58,3895.53,1.1227393986838112,False,
tokyo_ma,Tokyo Metropolitan Area,1156,0.0,601.65,0.0,False,
tokyo_ma,Tokyo Metropolitan Area,1157,6663.42,96139.13,0.42481500412775597,False,
tokyo_ma,Tokyo Metropolitan Area,1158,1734.89,2844.23,3.7386092641363695,False,
tokyo_ma,Tokyo Metropolitan Area,1159,745.9300000000001,12916.47,0.35396235952117044,False,
tokyo_ma,Tokyo Metropolitan Area,1161,2556.23,43668.27,0.3587870733257934,False,
tokyo_ma,Tokyo Metropolitan Area,1162,4125.61,71589.83,0.3532154460400667,False,
tokyo_ma,Tokyo Metropolitan Area,1163,0.0,1550.43,0.0,False,
tokyo_ma,Tokyo Metropolitan Area,1164,533.64,13566.9,0.24108522683455375,False,
tokyo_ma,Tokyo Metropolitan Area,1165,3887.9700000000003,74875.32,0.31826366578280607,False,
tokyo_ma,Tokyo Metropolitan Area,1166,105.88,6971.61,0.0930858557075173,False,
tokyo_ma,Tokyo Metropolitan Area,1167,9286.970000000001,29824.93,1.9085232570058646,False,
tokyo_ma,Tokyo Metropolitan Area,1168,303.07,15436.87,0.12033350012248462,False,
tokyo_ma,Tokyo Metropolitan Area,1169,2549.02,21391.85,0.7303444701955915,False,
tokyo_ma,Tokyo Metropolitan Area,1171,0.0,3668.79,0.0,False,
tokyo_ma,Tokyo Metropolitan Area,1172,0.0,21933.72,0.0,False,
tokyo_ma,Tokyo Metropolitan Area,1173,0.0,538.64,0.0,False,
tokyo_ma,Tokyo Metropolitan Area,1174,0.0,6782.36,0.0,False,
tokyo_ma,Tokyo Metropolitan Area,1181,1219.48,13358.31,0.5595333942709518,False,
tokyo_ma,Tokyo Metropolitan Area,1182,44.34,13.360000000000003,20.34192635209333,False,
tokyo_ma,Tokyo Metropolitan Area,1183,604.0699999999999,2809.17,1.317989932864839,False,
tokyo_ma,Tokyo Metropolitan Area,1184,308.12,17126.58,0.11026865787673995,False,
tokyo_ma,Tokyo Metropolitan Area,1185,0.0,8008.45,0.0,False,
tokyo_ma,Tokyo Metropolitan Area,1186,1816.56,7405.4,1.5035022147413442,False,
tokyo_ma,Tokyo Metropolitan Area,1189,917.9300000000001,7547.85,0.7453995908365854,False,
tokyo_ma,Tokyo Metropolitan Area,1191,-1651.0299999999997,31024.96,-0.32617192850079335,False,
tokyo_ma,Tokyo Metropolitan Area,1192,0.0,1173.94,0.0,False,
tokyo_ma,Tokyo Metropolitan Area,1193,725.47,30313.530000000002,0.14668502939195938,False,
tokyo_ma,Tokyo Metropolitan Area,1194,4717.36,32659.24,0.8853108625785427,False,
tokyo_ma,Tokyo Metropolitan Area,1195,0.0,3836.56,0.0,False,
tokyo_ma,Tokyo Metropolitan Area,1196,1561.79,9514.97,1.0060465159856524,False,
tokyo_ma,Tokyo Metropolitan Area,1197,722.38,20032.78,0.22101784436684951,False,
tokyo_ma,Tokyo Metropolitan Area,1198,2945.7400000000002,53797.36,0.3356110835655896,False,
tokyo_ma,Tokyo Metropolitan Area,1199,15596.460000000001,123215.17,0.7758266650145643,False,
tokyo_ma,Tokyo Metropolitan Area,1211,5026.84,225589.88999999998,0.13657722258751206,False,
tokyo_ma,Tokyo Metropolitan Area,1212,0.0,4113.8099999999995,0.0,False,
tokyo_ma,Tokyo Metropolitan Area,1213,4154.92,63820.119999999995,0.39903215782258034,False,
tokyo_ma,Tokyo Metropolitan Area,1219,0.0,3106.51,0.0,False,
tokyo_ma,Tokyo Metropolitan Area,1221,3075.21,55452.22,0.33990588795457194,False,
tokyo_ma,Tokyo Metropolitan Area,1222,5551.27,87885.53,0.38714871463956524,False,
tokyo_ma,Tokyo Metropolitan Area,1223,2374.11,40088.76,0.362978633357339,False,
tokyo_ma,Tokyo Metropolitan Area,1224,21100.739999999998,211172.78,0.612438657645805,False,
tokyo_ma,Tokyo Metropolitan Area,1225,0.0,7262.159999999999,0.0,False,
tokyo_ma,Tokyo Metropolitan Area,1226,0.0,1494.72,0.0,False,
tokyo_ma,Tokyo Metropolitan Area,1227,0.0,0.0,,False,
tokyo_ma,Tokyo Metropolitan Area,1228,0.0,24788.24,0.0,False,
tokyo_ma,Tokyo Metropolitan Area,1231,0.0,42.41,0.0,False,
tokyo_ma,Tokyo Metropolitan Area,1232,5079.16,32889.98,0.9465229126181851,False,
tokyo_ma,Tokyo Metropolitan Area,1233,0.0,0.0,,False,
tokyo_ma,Tokyo Metropolitan Area,1291,0.0,3867.07,0.0,False,
tokyo_ma,Tokyo Metropolitan Area,1292,0.0,0.0,,False,
tokyo_ma,Tokyo Metropolitan Area,1299,5175.26,39314.35,0.8068334972503752,False,
tokyo_ma,Tokyo Metropolitan Area,1311,53490.67,294653.06,1.1126790961109811,False,
tokyo_ma,Tokyo Metropolitan Area,1312,53198.240000000005,160286.26,2.034247616826643,False,
tokyo_ma,Tokyo Metropolitan Area,1313,3099.23,3395.9500000000003,5.593651008255975,False,
tokyo_ma,Tokyo Metropolitan Area,1321,685.4599999999999,13520.25,0.31074220381685735,False,
tokyo_ma,Tokyo Metropolitan Area,1331,12834.26,85802.58,0.9167973160654117,False,
tokyo_ma,Tokyo Metropolitan Area,1391,14114.63,76346.34999999999,1.1331412931546032,False,
tokyo_ma,Tokyo Metropolitan Area,1392,12061.67,25075.170000000002,2.948264228777415,False,
tokyo_ma,Tokyo Metropolitan Area,1393,1383.98,4125.2,2.056305570629207,False,
tokyo_ma,Tokyo Metropolitan Area,1399,12721.349999999999,20450.39,3.812715972205357,False,
tokyo_ma,Tokyo Metropolitan Area,1411,0.0,6500.94,0.0,False,
tokyo_ma,Tokyo Metropolitan Area,1421,11019.72,346863.54000000004,0.1947218802860495,False,
tokyo_ma,Tokyo Metropolitan Area,1422,40587.670000000006,176939.45,1.4059578297622226,False,
tokyo_ma,Tokyo Metropolitan Area,1424,0.0,330.47,0.0,False,
tokyo_ma,Tokyo Metropolitan Area,1431,15162.56,71813.1,1.2941115246777892,False,
tokyo_ma,Tokyo Metropolitan Area,1432,12408.87,24465.68,3.1086926807845034,False,
tokyo_ma,Tokyo Metropolitan Area,1433,1894.65,8846.7,1.3126548302247476,False,
tokyo_ma,Tokyo Metropolitan Area,1441,19032.920000000002,58849.5,1.9822822483757985,False,
tokyo_ma,Tokyo Metropolitan Area,1442,1931.84,14561.47,0.8131464706561402,False,
tokyo_ma,Tokyo Metropolitan Area,1449,11965.599999999999,53459.82,1.371860133087628,False,
tokyo_ma,Tokyo Metropolitan Area,1451,3968.12,24577.67,0.9895709450840343,False,
tokyo_ma,Tokyo Metropolitan Area,1452,10188.47,18699.21,3.339554682182148,False,
tokyo_ma,Tokyo Metropolitan Area,1453,100008.37,503051.89,1.2185024616425797,False,
tokyo_ma,Tokyo Metropolitan Area,1454,51671.21,197456.45,1.6039105864852932,False,
tokyo_ma,Tokyo Metropolitan Area,1499,49560.229999999996,466982.08999999997,0.6504829769600922,False,
tokyo_ma,Tokyo Metropolitan Area,1511,519906.22,1370698.12,2.3248023882244406,False,
tokyo_ma,Tokyo Metropolitan Area,1512,61233.86,133175.66,2.818185824977825,False,
tokyo_ma,Tokyo Metropolitan Area,1513,105275.03,313859.42,2.055857709994474,False,
tokyo_ma,Tokyo Metropolitan Area,1521,83883.67,145662.21,3.5296640791226386,False,
tokyo_ma,Tokyo Metropolitan Area,1531,34464.41,57772.33,3.656400939246048,False,
tokyo_ma,Tokyo Metropolitan Area,1532,28667.21,45761.939999999995,3.8395811197397816,False,
tokyo_ma,Tokyo Metropolitan Area,1591,3409.51,8318.41,2.512201631714431,False,
tokyo_ma,Tokyo Metropolitan Area,1611,0.0,4110.6,0.0,False,
tokyo_ma,Tokyo Metropolitan Area,1612,3207.79,37968.89,0.5178224500167938,False,
tokyo_ma,Tokyo Metropolitan Area,1619,0.0,6192.0,0.0,False,
tokyo_ma,Tokyo Metropolitan Area,1621,0.0,1778.21,0.0,False,
tokyo_ma,Tokyo Metropolitan Area,1622,5304.87,70526.66,0.4610247867166892,False,
tokyo_ma,Tokyo Metropolitan Area,1623,23314.55,139395.31,1.0251365602782296,False,
tokyo_ma,Tokyo Metropolitan Area,1624,2749.1600000000003,22808.43,0.7387669721632727,False,
tokyo_ma,Tokyo Metropolitan Area,1629,60913.49,542276.75,0.6884863673705066,False,
tokyo_ma,Tokyo Metropolitan Area,1631,0.0,0.0,,False,
tokyo_ma,Tokyo Metropolitan Area,1632,86323.56,403912.57,1.3099201432088388,False,
tokyo_ma,Tokyo Metropolitan Area,1633,0.0,1789.54,0.0,False,
tokyo_ma,Tokyo Metropolitan Area,1634,98739.23000000001,293042.27,2.0652009362126713,False,
tokyo_ma,Tokyo Metropolitan Area,1635,224401.28,926824.0,1.48398976465211,False,
tokyo_ma,Tokyo Metropolitan Area,1636,36610.73,50925.2,4.406344944451946,False,
tokyo_ma,Tokyo Metropolitan Area,1639,108117.0,574273.97,1.1539253172928672,False,
tokyo_ma,Tokyo Metropolitan Area,1641,2760.11,6465.38,2.616587016496507,False,
tokyo_ma,Tokyo Metropolitan Area,1642,173749.44,493517.79000000004,2.157860911365732,False,
tokyo_ma,Tokyo Metropolitan Area,1643,5919.41,82831.73,0.4380105153939509,False,
tokyo_ma,Tokyo Metropolitan Area,1644,96265.26,362606.62,1.627184154710745,False,
tokyo_ma,Tokyo Metropolitan Area,1645,39291.35,65006.47,3.704616138718293,False,
tokyo_ma,Tokyo Metropolitan Area,1646,7750.6,36711.01,1.294022530298366,False,
tokyo_ma,Tokyo Metropolitan Area,1647,0.0,4689.04,0.0,False,
tokyo_ma,Tokyo Metropolitan Area,1651,26092.230000000003,135929.18,1.1765255097284881,True,pharmaceuticals
tokyo_ma,Tokyo Metropolitan Area,1652,528173.4199999999,4001977.51,0.8089184576112683,True,pharmaceuticals
tokyo_ma,Tokyo Metropolitan Area,1653,24294.92,70233.08,2.120198905251537,False,
tokyo_ma,Tokyo Metropolitan Area,1654,981.3899999999999,19106.41,0.31482222387717873,False,
tokyo_ma,Tokyo Metropolitan Area,1655,0.0,859.56,0.0,True,pharmaceuticals
tokyo_ma,Tokyo Metropolitan Area,1661,356067.70999999996,739495.03,2.9512104424175734,False,
tokyo_ma,Tokyo Metropolitan Area,1662,22792.800000000003,144537.02,0.9665435573366958,False,
tokyo_ma,Tokyo Metropolitan Area,1669,49965.61,141901.17,2.158181992258766,False,
tokyo_ma,Tokyo Metropolitan Area,1691,0.0,0.0,,False,
tokyo_ma,Tokyo Metropolitan Area,1692,1241.38,75853.11,0.10030768314786385,False,
tokyo_ma,Tokyo Metropolitan Area,1693,7695.65,38929.76,1.2116199854195717,False,
tokyo_ma,Tokyo Metropolitan Area,1694,33578.45,104170.85,1.9756830962782705,False,
tokyo_ma,Tokyo Metropolitan Area,1695,5172.73,62071.67,0.5107745233920823,False,
tokyo_ma,Tokyo Metropolitan Area,1696,1380.4,3802.8500000000004,2.224839068528174,False,
tokyo_ma,Tokyo Metropolitan Area,1697,13392.22,25103.25,3.2698322344222004,False,
tokyo_ma,Tokyo Metropolitan Area,1699,99630.5,443377.48,1.3772777330492554,False,
tokyo_ma,Tokyo Metropolitan Area,1711,452005.36,466989.2,5.932525245274813,False,
tokyo_ma,Tokyo Metropolitan Area,1721,33496.26,78370.88,2.6196570667468624,False,
tokyo_ma,Tokyo Metropolitan Area,1731,0.0,8838.46,0.0,False,
tokyo_ma,Tokyo Metropolitan Area,1741,38421.46,131507.21,1.7907177842802677,False,
tokyo_ma,Tokyo Metropolitan Area,1799,5951.47,27024.67,1.3497915227928308,False,
tokyo_ma,Tokyo Metropolitan Area,1811,0.0,75789.14,0.0,False,
tokyo_ma,Tokyo Metropolitan Area,1812,39750.22,107164.31,2.2734856199906743,False,
tokyo_ma,Tokyo Metropolitan Area,1813,1071.08,15665.310000000001,0.41906921964223287,False,
tokyo_ma,Tokyo Metropolitan Area,1814,13595.93,76227.55,1.0932004590367161,False,
tokyo_ma,Tokyo Metropolitan Area,1815,13105.17,50971.97,1.575847137374863,False,
tokyo_ma,Tokyo Metropolitan Area,1821,113312.98999999999,786479.85,0.8830696242086374,False,
tokyo_ma,Tokyo Metropolitan Area,1822,9621.96,63037.21,0.9355551868408806,False,
tokyo_ma,Tokyo Metropolitan Area,1823,4699.53,5364.08,5.369848424629938,False,
tokyo_ma,Tokyo Metropolitan Area,1824,0.0,17821.15,0.0,False,
tokyo_ma,Tokyo Metropolitan Area,1825,48698.73,417211.67,0.7154248724423579,False,
tokyo_ma,Tokyo Metropolitan Area,1831,15506.61,164676.97,0.5771475331358968,False,
tokyo_ma,Tokyo Metropolitan Area,1832,29543.77,700783.24,0.25839556419278426,False,
tokyo_ma,Tokyo Metropolitan Area,1833,43911.66,237480.98,1.1333234360675,False,
tokyo_ma,Tokyo Metropolitan Area,1834,22812.190000000002,116334.45999999999,1.2018809423002432,False,
tokyo_ma,Tokyo Metropolitan Area,1841,33635.06,138482.89,1.4886717104632898,False,
tokyo_ma,Tokyo Metropolitan Area,1842,3697.43,52404.94,0.4324447007392223,False,
tokyo_ma,Tokyo Metropolitan Area,1843,2556.8199999999997,13446.45,1.1654546003312458,False,
tokyo_ma,Tokyo Metropolitan Area,1844,26237.57,68352.25,2.3527384069170525,False,
tokyo_ma,Tokyo Metropolitan Area,1845,7051.82,36553.25,1.1824371568239447,False,
tokyo_ma,Tokyo Metropolitan Area,1851,43470.07,157305.58,1.6937490248055675,False,
tokyo_ma,Tokyo Metropolitan Area,1852,2886.72,14419.769999999999,1.2270130304769882,False,
tokyo_ma,Tokyo Metropolitan Area,1891,17514.260000000002,159638.33,0.6724460759380341,False,
tokyo_ma,Tokyo Metropolitan Area,1892,72406.66,550165.4299999999,0.8066554342535371,False,
tokyo_ma,Tokyo Metropolitan Area,1897,68239.58,388851.16,1.0756123827486412,False,
tokyo_ma,Tokyo Metropolitan Area,1898,23200.67,109232.08,1.3018266871472914,False,
tokyo_ma,Tokyo Metropolitan Area,1911,0.0,292587.74,0.0,False,
tokyo_ma,Tokyo Metropolitan Area,1919,0.0,0.0,,False,
tokyo_ma,Tokyo Metropolitan Area,1921,135.7,11728.35,0.07091625236406485,False,
tokyo_ma,Tokyo Metropolitan Area,1922,83.49,10639.95,0.048094755465400346,False,
tokyo_ma,Tokyo Metropolitan Area,1931,0.0,30742.75,0.0,False,
tokyo_ma,Tokyo Metropolitan Area,1932,4707.05,27292.47,1.0570823388721307,False,
tokyo_ma,Tokyo Metropolitan Area,1933,80983.97,492036.35,1.008799182811228,False,
tokyo_ma,Tokyo Metropolitan Area,1991,1390.9099999999999,1506.23,5.659923785507239,False,
tokyo_ma,Tokyo Metropolitan Area,1992,5094.54,13010.5,2.4000143388979582,False,
tokyo_ma,Tokyo Metropolitan Area,1993,872.4200000000001,8316.49,0.6429665660935534,False,
tokyo_ma,Tokyo Metropolitan Area,1994,763.61,2143.88,2.183101767756402,False,
tokyo_ma,Tokyo Metropolitan Area,1995,0.0,0.0,,False,
tokyo_ma,Tokyo Metropolitan Area,1999,5607.04,25110.059999999998,1.368638494467603,False,
tokyo_ma,Tokyo Metropolitan Area,2011,1516.56,4323.41,2.1499879275908316,False,
tokyo_ma,Tokyo Metropolitan Area,2021,147.71,3622.25,0.24993917042760264,False,
tokyo_ma,Tokyo Metropolitan Area,2031,1172.95,1603.84,4.482510400785606,False,
tokyo_ma,Tokyo Metropolitan Area,2041,7322.08,21600.79,2.077627484305988,False,
tokyo_ma,Tokyo Metropolitan Area,2051,0.0,2719.31,0.0,False,
tokyo_ma,Tokyo Metropolitan Area,2061,7158.42,22002.65,1.9940912708047434,False,
tokyo_ma,Tokyo Metropolitan Area,2071,7581.66,14089.880000000001,3.2980699095624875,False,
tokyo_ma,Tokyo Metropolitan Area,2072,2590.1099999999997,5706.28,2.7820695153768846,False,
tokyo_ma,Tokyo Metropolitan Area,2081,0.0,0.0,,False,
tokyo_ma,Tokyo Metropolitan Area,2099,1781.19,2146.28,5.086589806191496,False,
tokyo_ma,Tokyo Metropolitan Area,2111,0.0,9631.91,0.0,False,
tokyo_ma,Tokyo Metropolitan Area,2112,25660.620000000003,137228.72,1.1461065113515596,False,
tokyo_ma,Tokyo Metropolitan Area,2113,7015.21,50637.340000000004,0.8491269778273484,False,
tokyo_ma,Tokyo Metropolitan Area,2114,12972.16,27024.57,2.9420926917442904,False,
tokyo_ma,Tokyo Metropolitan Area,2115,3749.5,14639.69,1.5697999987995572,False,
tokyo_ma,Tokyo Metropolitan Area,2116,1357.16,3350.57,2.482648311781223,False,
tokyo_ma,Tokyo Metropolitan Area,2117,14541.54,104585.03,0.8522043053333161,False,
tokyo_ma,Tokyo Metropolitan Area,2119,15138.17,119073.84999999999,0.779219530320414,False,
tokyo_ma,Tokyo Metropolitan Area,2121,11537.47,80766.1,0.8755567880527534,False,
tokyo_ma,Tokyo Metropolitan Area,2122,94666.4,541979.25,1.0705724159917456,False,
tokyo_ma,Tokyo Metropolitan Area,2123,64669.479999999996,464797.41,0.8527829651261809,False,
tokyo_ma,Tokyo Metropolitan Area,2129,22984.77,135034.63,1.0432727178121528,False,
tokyo_ma,Tokyo Metropolitan Area,2131,0.0,14500.08,0.0,False,
tokyo_ma,Tokyo Metropolitan Area,2132,0.0,1233.68,0.0,False,
tokyo_ma,Tokyo Metropolitan Area,2139,0.0,1615.18,0.0,False,
tokyo_ma,Tokyo Metropolitan Area,2141,0.0,43250.33,0.0,False,
tokyo_ma,Tokyo Metropolitan Area,2142,0.0,21300.53,0.0,False,
tokyo_ma,Tokyo Metropolitan Area,2143,0.0,1576.83,0.0,False,
tokyo_ma,Tokyo Metropolitan Area,2144,0.0,130078.87,0.0,False,
tokyo_ma,Tokyo Metropolitan Area,2145,0.0,102072.18000000001,0.0,False,
tokyo_ma,Tokyo Metropolitan Area,2146,444.58,18010.559999999998,0.15129534011639548,False,
tokyo_ma,Tokyo Metropolitan Area,2147,0.0,1215.31,0.0,False,
tokyo_ma,Tokyo Metropolitan Area,2148,0.0,3461.3,0.0,False,
tokyo_ma,Tokyo Metropolitan Area,2149,0.0,2871.84,0.0,False,
tokyo_ma,Tokyo Metropolitan Area,2151,2241.76,54254.6,0.2532534654140663,False,
tokyo_ma,Tokyo Metropolitan Area,2152,4056.29,26232.46,0.9477478862752451,False,
tokyo_ma,Tokyo Metropolitan Area,2159,0.0,11719.67,0.0,False,
tokyo_ma,Tokyo Metropolitan Area,2161,0.0,27040.36,0.0,False,
tokyo_ma,Tokyo Metropolitan Area,2169,6424.369999999999,58996.72,0.6674296950591553,False,
tokyo_ma,Tokyo Metropolitan Area,2171,0.0,23476.37,0.0,False,
tokyo_ma,Tokyo Metropolitan Area,2172,947.5699999999999,54934.21,0.10572343525107404,False,
tokyo_ma,Tokyo Metropolitan Area,2173,4474.3,8644.11,3.1725440592952183,False,
tokyo_ma,Tokyo Metropolitan Area,2179,435.97,13434.31,0.19890426109191112,False,
tokyo_ma,Tokyo Metropolitan Area,2181,17732.99,189095.32,0.5747831600156474,False,
tokyo_ma,Tokyo Metropolitan Area,2182,2719.07,19434.93,0.8575120952119426,False,
tokyo_ma,Tokyo Metropolitan Area,2183,0.0,1601.54,0.0,False,
tokyo_ma,Tokyo Metropolitan Area,2184,2008.21,32387.0,0.3800504499500069,False,
tokyo_ma,Tokyo Metropolitan Area,2185,0.0,300.68,0.0,False,
tokyo_ma,Tokyo Metropolitan Area,2186,4129.45,72059.92,0.3512378283533872,False,
tokyo_ma,Tokyo Metropolitan Area,2191,2028.83,12949.01,0.960311077932232,False,
tokyo_ma,Tokyo Metropolitan Area,2192,8019.95,24055.82,2.0434044848275446,False,
tokyo_ma,Tokyo Metropolitan Area,2193,8452.71,55489.61,0.9336565401862995,False,
tokyo_ma,Tokyo Metropolitan Area,2194,1119.06,21875.83,0.3135390800085701,False,
tokyo_ma,Tokyo Metropolitan Area,2199,11528.9,113294.33,0.6237097652632433,False,
tokyo_ma,Tokyo Metropolitan Area,2211,0.0,0.0,,False,
tokyo_ma,Tokyo Metropolitan Area,2213,0.0,2449.25,0.0,False,
tokyo_ma,Tokyo Metropolitan Area,2221,25243.5,336114.02,0.46032629998880764,False,
tokyo_ma,Tokyo Metropolitan Area,2231,0.0,71895.5,0.0,False,
tokyo_ma,Tokyo Metropolitan Area,2232,0.0,6165.9,0.0,False,
tokyo_ma,Tokyo Metropolitan Area,2233,4831.59,10180.61,2.9088352197556717,False,
tokyo_ma,Tokyo Metropolitan Area,2234,39065.72,128971.31,1.8565453781872263,False,
tokyo_ma,Tokyo Metropolitan Area,2235,0.0,0.0,,False,
tokyo_ma,Tokyo Metropolitan Area,2236,8029.34,27193.14,1.8097697999145472,False,
tokyo_ma,Tokyo Metropolitan Area,2237,2640.46,8630.6,1.875173473690784,False,
tokyo_ma,Tokyo Metropolitan Area,2238,8679.61,105274.77,0.5053342765772585,False,
tokyo_ma,Tokyo Metropolitan Area,2239,0.0,0.0,,False,
tokyo_ma,Tokyo Metropolitan Area,2241,0.0,0.0,,False,
tokyo_ma,Tokyo Metropolitan Area,2249,5345.33,25218.41,1.2991511073141475,False,
tokyo_ma,Tokyo Metropolitan Area,2251,17944.14,172350.44,0.6381357850605526,False,
tokyo_ma,Tokyo Metropolitan Area,2252,0.0,11379.49,0.0,False,
tokyo_ma,Tokyo Metropolitan Area,2253,6373.85,47582.59,0.8210254281981917,False,
tokyo_ma,Tokyo Metropolitan Area,2254,9048.53,107795.7,0.5144929647354205,False,
tokyo_ma,Tokyo Metropolitan Area,2255,0.0,0.0,,False,
tokyo_ma,Tokyo Metropolitan Area,2291,73161.26000000001,370495.25,1.210323258109448,False,
tokyo_ma,Tokyo Metropolitan Area,2292,34291.22,219859.76,0.9559606898438691,False,
tokyo_ma,Tokyo Metropolitan Area,2293,0.0,20986.67,0.0,False,
tokyo_ma,Tokyo Metropolitan Area,2299,26293.6,170298.54,0.9463286185671312,False,
tokyo_ma,Tokyo Metropolitan Area,2311,0.0,0.0,,False,
tokyo_ma,Tokyo Metropolitan Area,2312,0.0,0.0,,False,
tokyo_ma,Tokyo Metropolitan Area,2319,0.0,21107.95,0.0,False,
tokyo_ma,Tokyo Metropolitan Area,2321,7895.26,18609.95,2.6003037187529943,False,
tokyo_ma,Tokyo Metropolitan Area,2322,0.0,80407.92,0.0,False,
tokyo_ma,Tokyo Metropolitan Area,2329,46074.83,140323.6,2.012499914056527,False,
tokyo_ma,Tokyo Metropolitan Area,2331,60170.79,131437.64,2.805878154781078,False,
tokyo_ma,Tokyo Metropolitan Area,2332,15954.94,161849.5,0.6042082629270933,False,
tokyo_ma,Tokyo Metropolitan Area,2339,59455.479999999996,89972.54,4.0502772767037625,False,
tokyo_ma,Tokyo Metropolitan Area,2341,30108.77,316345.02,0.5833575984029561,False,
tokyo_ma,Tokyo Metropolitan Area,2342,8296.4,8296.4,6.129186650066912,False,
tokyo_ma,Tokyo Metropolitan Area,2351,2453.5299999999997,19958.18,0.7534826983992864,False,
tokyo_ma,Tokyo Metropolitan Area,2352,14846.28,78396.49,1.160710398885912,False,
tokyo_ma,Tokyo Metropolitan Area,2353,11789.01,215359.53999999998,0.33551818837236247,False,
tokyo_ma,Tokyo Metropolitan Area,2354,3929.67,13765.72,1.749685516134895,False,
tokyo_ma,Tokyo Metropolitan Area,2355,8653.11,30981.07,1.7119010509824388,False,
tokyo_ma,Tokyo Metropolitan Area,2391,0.0,0.0,,False,
tokyo_ma,Tokyo Metropolitan Area,2399,44162.17,196878.93,1.3748458649281845,False,
tokyo_ma,Tokyo Metropolitan Area,2411,25819.16,72260.03,2.1900136325426605,False,
tokyo_ma,Tokyo Metropolitan Area,2421,0.0,6297.12,0.0,False,
tokyo_ma,Tokyo Metropolitan Area,2422,4592.49,43207.409999999996,0.6514676162853963,False,
tokyo_ma,Tokyo Metropolitan Area,2423,868.38,44889.26,0.1185687423491745,False,
tokyo_ma,Tokyo Metropolitan Area,2424,190.41,29632.77,0.03938404779705849,False,
tokyo_ma,Tokyo Metropolitan Area,2425,0.0,8661.23,0.0,False,
tokyo_ma,Tokyo Metropolitan Area,2426,0.0,7886.91,0.0,False,
tokyo_ma,Tokyo Metropolitan Area,2429,37056.18,161564.14,1.405783757203031,False,
tokyo_ma,Tokyo Metropolitan Area,2431,17500.48,161885.63,0.6625894366644093,False,
tokyo_ma,Tokyo Metropolitan Area,2432,11274.560000000001,257261.06000000003,0.26861384555197904,False,
tokyo_ma,Tokyo Metropolitan Area,2433,223.42,339.39,4.034835679772384,False,
tokyo_ma,Tokyo Metropolitan Area,2439,1445.17,3939.09,2.248670802413044,False,
tokyo_ma,Tokyo Metropolitan Area,2441,72487.87,514638.63,0.8633080752134479,False,
tokyo_ma,Tokyo Metropolitan Area,2442,112444.75,651650.86,1.0576136745528295,False,
tokyo_ma,Tokyo Metropolitan Area,2443,46012.93,343745.07,0.8204389266919909,False,
tokyo_ma,Tokyo Metropolitan Area,2444,2988.35,186811.37,0.0980462534251928,False,
tokyo_ma,Tokyo Metropolitan Area,2445,50719.39,359312.87,0.8651752665790605,False,
tokyo_ma,Tokyo Metropolitan Area,2446,96877.27,538237.62,1.1031909474832469,False,
tokyo_ma,Tokyo Metropolitan Area,2451,20299.239999999998,151284.61,0.8224090395877298,False,
tokyo_ma,Tokyo Metropolitan Area,2452,72937.02,470798.08999999997,0.9495463528317701,False,
tokyo_ma,Tokyo Metropolitan Area,2453,25446.739999999998,94330.26,1.6534229747243747,False,
tokyo_ma,Tokyo Metropolitan Area,2461,31551.82,152545.02,1.2677371829595894,False,
tokyo_ma,Tokyo Metropolitan Area,2462,11354.2,47412.22,1.4678074779495611,False,
tokyo_ma,Tokyo Metropolitan Area,2463,2545.87,3524.11,4.427816503118759,False,
tokyo_ma,Tokyo Metropolitan Area,2464,41528.96000000001,204586.84,1.244159923596077,False,
tokyo_ma,Tokyo Metropolitan Area,2465,17529.97,142878.34,0.7519996249961575,False,
tokyo_ma,Tokyo Metropolitan Area,2469,61056.37,306325.58,1.2216605870967288,False,
tokyo_ma,Tokyo Metropolitan Area,2471,0.0,1750.46,0.0,False,
tokyo_ma,Tokyo Metropolitan Area,2479,8422.76,116250.66,0.4440806456386363,False,
tokyo_ma,Tokyo Metropolitan Area,2481,50230.15,359665.22,0.8559903701860819,False,
tokyo_ma,Tokyo Metropolitan Area,2491,0.0,4067.5,0.0,False,
tokyo_ma,Tokyo Metropolitan Area,2492,35402.46,170473.65,1.2728552782880396,False,
tokyo_ma,Tokyo Metropolitan Area,2499,38163.29,253256.23,0.9236097670356701,False,
tokyo_ma,Tokyo Metropolitan Area,2511,0.0,181475.08,0.0,False,
tokyo_ma,Tokyo Metropolitan Area,2512,18003.75,169876.71,0.6495790043917272,False,
tokyo_ma,Tokyo Metropolitan Area,2513,65322.57,212679.78,1.8825213379102679,False,
tokyo_ma,Tokyo Metropolitan Area,2519,1826.05,139607.89,0.08016883058940784,False,
tokyo_ma,Tokyo Metropolitan Area,2521,77406.18,228027.09,2.080616496437666,False,
tokyo_ma,Tokyo Metropolitan Area,2522,36914.09,162890.23,1.3889927445456274,False,
tokyo_ma,Tokyo Metropolitan Area,2523,92782.43,466750.02999999997,1.2183841344729378,False,
tokyo_ma,Tokyo Metropolitan Area,2531,32859.880000000005,280834.56,0.7171636490138563,False,
tokyo_ma,Tokyo Metropolitan Area,2532,18018.9,112418.0,0.9824156392116095,False,
tokyo_ma,Tokyo Metropolitan Area,2533,29736.42,440565.49,0.41369574472295306,False,
tokyo_ma,Tokyo Metropolitan Area,2534,2313.0,24084.33,0.5886320575081294,False,
tokyo_ma,Tokyo Metropolitan Area,2535,34367.31,469670.66000000003,0.44849226402754444,False,
tokyo_ma,Tokyo Metropolitan Area,2591,1010.98,20295.36,0.3053153587561219,False,
tokyo_ma,Tokyo Metropolitan Area,2592,32964.149999999994,203274.65,0.993943062309064,False,
tokyo_ma,Tokyo Metropolitan Area,2593,4983.14,28850.83,1.0586383533303698,False,
tokyo_ma,Tokyo Metropolitan Area,2594,32108.239999999998,397049.9,0.49564902538734906,False,
tokyo_ma,Tokyo Metropolitan Area,2595,0.0,15460.43,0.0,False,
tokyo_ma,Tokyo Metropolitan Area,2596,26110.79,152854.41999999998,1.046995602029046,False,
tokyo_ma,Tokyo Metropolitan Area,2599,46075.240000000005,219669.97,1.2855819386993546,False,
tokyo_ma,Tokyo Metropolitan Area,2611,19591.739999999998,347132.82,0.3459235898800405,False,
tokyo_ma,Tokyo Metropolitan Area,2621,95027.69999999998,830016.09,0.7017243608212022,False,
tokyo_ma,Tokyo Metropolitan Area,2631,0.0,1184.26,0.0,False,
tokyo_ma,Tokyo Metropolitan Area,2632,0.0,6341.0,0.0,False,
tokyo_ma,Tokyo Metropolitan Area,2633,0.0,2387.23,0.0,False,
tokyo_ma,Tokyo Metropolitan Area,2634,0.0,18292.47,0.0,False,
tokyo_ma,Tokyo Metropolitan Area,2635,63.18,13069.28,0.029629942319028095,False,
tokyo_ma,Tokyo Metropolitan Area,2641,47890.32,161800.55,1.814139136186079,False,
tokyo_ma,Tokyo Metropolitan Area,2642,0.0,27902.62,0.0,False,
tokyo_ma,Tokyo Metropolitan Area,2643,0.0,17563.09,0.0,False,
tokyo_ma,Tokyo Metropolitan Area,2644,23689.74,80884.94,1.7951282173363317,False,
tokyo_ma,Tokyo Metropolitan Area,2645,45151.79,172868.2,1.6008944877925768,False,
tokyo_ma,Tokyo Metropolitan Area,2651,8093.05,28984.68,1.7113804264295494,False,
tokyo_ma,Tokyo Metropolitan Area,2652,76506.22,335756.04,1.3966119634693162,False,
tokyo_ma,Tokyo Metropolitan Area,2653,38298.49,271920.18,0.8632628649544183,False,
tokyo_ma,Tokyo Metropolitan Area,2661,20540.489999999998,412921.29,0.3048922401018192,False,
tokyo_ma,Tokyo Metropolitan Area,2662,34538.83,227488.37,0.9305747618875223,False,
tokyo_ma,Tokyo Metropolitan Area,2663,36436.62,383906.92,0.581721332029027,False,
tokyo_ma,Tokyo Metropolitan Area,2664,32684.02,455284.55,0.4400027610304808,False,
tokyo_ma,Tokyo Metropolitan Area,2671,164932.16,1163648.91,0.8687328149851489,True,semiconductor_equipment_robotics
tokyo_ma,Tokyo Metropolitan Area,2672,109007.74,176438.91,3.7867428718640634,False,
tokyo_ma,Tokyo Metropolitan Area,2691,23887.48,287926.35,0.5085009535241924,False,
tokyo_ma,Tokyo Metropolitan Area,2692,33070.94,390062.09,0.5196556372683228,False,
tokyo_ma,Tokyo Metropolitan Area,2693,23962.48,67154.41,2.1870568517911986,False,
tokyo_ma,Tokyo Metropolitan Area,2694,11924.88,420032.68,0.17400983013904994,True,semiconductor_equipment_robotics
tokyo_ma,Tokyo Metropolitan Area,2699,75684.72,653785.29,0.7095384104436676,False,
tokyo_ma,Tokyo Metropolitan Area,2711,13739.84,102010.27,0.8255447603663372,False,
tokyo_ma,Tokyo Metropolitan Area,2719,61714.03,161348.77,2.344342685710148,False,
tokyo_ma,Tokyo Metropolitan Area,2721,17584.6,66623.13,1.6177459024631027,False,
tokyo_ma,Tokyo Metropolitan Area,2722,68706.08,277241.77,1.5189355785545204,False,
tokyo_ma,Tokyo Metropolitan Area,2723,1545.0900000000001,14970.789999999999,0.6325748341371354,False,
tokyo_ma,Tokyo Metropolitan Area,2729,37359.44,73883.25,3.0992543086826285,False,
tokyo_ma,Tokyo Metropolitan Area,2731,6256.65,42269.22,0.9072364158633905,False,
tokyo_ma,Tokyo Metropolitan Area,2732,2922.01,51304.36,0.34908426268960413,False,
tokyo_ma,Tokyo Metropolitan Area,2733,17950.07,44782.79,2.4567323610647436,False,
tokyo_ma,Tokyo Metropolitan Area,2734,27442.950000000004,83604.42,2.0118907921190505,False,
tokyo_ma,Tokyo Metropolitan Area,2735,19337.41,99573.56,1.1903018755066146,False,
tokyo_ma,Tokyo Metropolitan Area,2736,16723.18,53703.55,1.908616685538777,False,
tokyo_ma,Tokyo Metropolitan Area,2737,32172.16,36451.74,5.409595634551786,False,
tokyo_ma,Tokyo Metropolitan Area,2738,17962.29,28223.59,3.900787535272104,True,measurement_medical_precision
tokyo_ma,Tokyo Metropolitan Area,2739,57021.84,230812.04,1.5142082730617146,True,measurement_medical_precision
tokyo_ma,Tokyo Metropolitan Area,2741,148691.97999999998,426529.82,2.1366874156372377,True,measurement_medical_precision
tokyo_ma,Tokyo Metropolitan Area,2742,12109.01,45906.03,1.616745827019386,False,
tokyo_ma,Tokyo Metropolitan Area,2743,20811.56,68806.84,1.8538554556359015,True,measurement_medical_precision
tokyo_ma,Tokyo Metropolitan Area,2744,3268.48,32850.42,0.6098285495896462,False,
tokyo_ma,Tokyo Metropolitan Area,2751,1501.73,21664.52,0.42485979232426957,False,
tokyo_ma,Tokyo Metropolitan Area,2752,3937.88,16329.22,1.478086615623128,False,
tokyo_ma,Tokyo Metropolitan Area,2753,26228.690000000002,114469.38,1.4043977227512157,True,measurement_medical_precision
tokyo_ma,Tokyo Metropolitan Area,2761,51174.96,111236.65,2.819762026721483,False,
tokyo_ma,Tokyo Metropolitan Area,2811,0.0,27842.5,0.0,True,electronic_components_semiconductors
tokyo_ma,Tokyo Metropolitan Area,2812,5283.81,147184.28,0.22003340107713987,False,
tokyo_ma,Tokyo Metropolitan Area,2813,9494.94,221417.7,0.26283472139393704,True,electronic_components_semiconductors
tokyo_ma,Tokyo Metropolitan Area,2814,14068.22,605515.8200000001,0.14240213610637675,False,
tokyo_ma,Tokyo Metropolitan Area,2815,0.0,-9877.8,-0.0,False,
tokyo_ma,Tokyo Metropolitan Area,2821,11776.41,586217.85,0.12312797189255581,False,
tokyo_ma,Tokyo Metropolitan Area,2822,3239.8,10050.52,1.9757523898153315,False,
tokyo_ma,Tokyo Metropolitan Area,2823,99880.45,346348.1,1.7675451972817977,False,
tokyo_ma,Tokyo Metropolitan Area,2831,0.0,0.0,,True,electronic_components_semiconductors
tokyo_ma,Tokyo Metropolitan Area,2832,6408.83,6408.83,6.129186650066913,False,
tokyo_ma,Tokyo Metropolitan Area,2841,34853.02,464505.11,0.45988872953090887,True,electronic_components_semiconductors
tokyo_ma,Tokyo Metropolitan Area,2842,40678.600000000006,235373.35,1.0592819113268852,True,electronic_components_semiconductors
tokyo_ma,Tokyo Metropolitan Area,2851,10521.619999999999,147502.91,0.43720474966274914,False,
tokyo_ma,Tokyo Metropolitan Area,2859,28541.45,69565.63,2.514688278012465,False,
tokyo_ma,Tokyo Metropolitan Area,2899,107977.72,1181420.12,0.5601864982024032,True,electronic_components_semiconductors
tokyo_ma,Tokyo Metropolitan Area,2911,34630.32,445277.95,0.476681351572754,True,electrical_industrial_equipment
tokyo_ma,Tokyo Metropolitan Area,2912,8589.380000000001,150219.37,0.3504602184681759,True,electrical_industrial_equipment
tokyo_ma,Tokyo Metropolitan Area,2913,34502.38,301147.24,0.7022197078463532,False,
tokyo_ma,Tokyo Metropolitan Area,2914,97212.49,638118.4,0.9337350183410529,False,
tokyo_ma,Tokyo Metropolitan Area,2915,16782.559999999998,210117.84,0.48955120948295944,False,
tokyo_ma,Tokyo Metropolitan Area,2921,11081.02,27832.96,2.4401874559200483,True,electrical_industrial_equipment
tokyo_ma,Tokyo Metropolitan Area,2922,13409.810000000001,1082416.78,0.07593306935978375,False,
tokyo_ma,Tokyo Metropolitan Area,2929,45908.880000000005,230476.98,1.220877219128452,True,electrical_industrial_equipment
tokyo_ma,Tokyo Metropolitan Area,2931,7421.97,181870.25,0.25012688683936557,False,
tokyo_ma,Tokyo Metropolitan Area,2932,23550.309999999998,862524.44,0.1673509050444267,False,
tokyo_ma,Tokyo Metropolitan Area,2933,333.8,64639.43,0.031651307936848075,False,
tokyo_ma,Tokyo Metropolitan Area,2939,4499.25,170409.6,0.16182622948069567,False,
tokyo_ma,Tokyo Metropolitan Area,2941,12048.3,45042.17,1.6394920474746482,False,
tokyo_ma,Tokyo Metropolitan Area,2942,51078.53,242834.88999999998,1.2892292544166215,False,
tokyo_ma,Tokyo Metropolitan Area,2951,10986.47,251652.59,0.26758367658906523,False,
tokyo_ma,Tokyo Metropolitan Area,2952,0.0,48042.71,0.0,False,
tokyo_ma,Tokyo Metropolitan Area,2961,9634.36,112761.77,0.5236774014272626,False,
tokyo_ma,Tokyo Metropolitan Area,2962,96416.92,101213.84,5.838700506813787,True,electrical_industrial_equipment
tokyo_ma,Tokyo Metropolitan Area,2969,88677.69,167933.97,3.236522745855244,True,electrical_industrial_equipment
tokyo_ma,Tokyo Metropolitan Area,2971,99821.01,320911.82,1.9065100247419857,True,electrical_industrial_equipment
tokyo_ma,Tokyo Metropolitan Area,2972,25761.95,93566.46,1.6875683874295477,False,
tokyo_ma,Tokyo Metropolitan Area,2973,12278.49,166905.36,0.4508971850333631,True,electrical_industrial_equipment
tokyo_ma,Tokyo Metropolitan Area,2999,14412.19,158840.79,0.5561229111629818,True,electrical_industrial_equipment
tokyo_ma,Tokyo Metropolitan Area,3011,80762.01,161877.16999999998,3.057907631598517,True,communication_computer_equipment
tokyo_ma,Tokyo Metropolitan Area,3012,0.0,19477.67,0.0,False,
tokyo_ma,Tokyo Metropolitan Area,3013,216176.27,454285.5,2.9166343811221362,True,communication_computer_equipment
tokyo_ma,Tokyo Metropolitan Area,3014,0.0,0.0,,False,
tokyo_ma,Tokyo Metropolitan Area,3015,38759.26,57055.34,4.163724884620309,False,
tokyo_ma,Tokyo Metropolitan Area,3019,53567.79,85566.95,3.8370770880765046,True,communication_computer_equipment
tokyo_ma,Tokyo Metropolitan Area,3021,2820.25,8223.71,2.1019513881023544,False,
tokyo_ma,Tokyo Metropolitan Area,3022,2881.33,27563.64,0.640706719810493,False,
tokyo_ma,Tokyo Metropolitan Area,3023,9714.22,43053.25,1.3829447844195968,True,communication_computer_equipment
tokyo_ma,Tokyo Metropolitan Area,3031,3039.2799999999997,43106.24,0.43214890470185674,True,communication_computer_equipment
tokyo_ma,Tokyo Metropolitan Area,3032,23780.760000000002,101525.36,1.4356680608711483,False,
tokyo_ma,Tokyo Metropolitan Area,3033,100048.88,100048.88,6.129186650066912,False,
tokyo_ma,Tokyo Metropolitan Area,3034,3184.4300000000003,162457.52,0.12014196599869666,False,
tokyo_ma,Tokyo Metropolitan Area,3035,1147.7,37685.53,0.18666229500505357,False,
tokyo_ma,Tokyo Metropolitan Area,3039,32380.06,116750.74,1.6998901375731377,False,
tokyo_ma,Tokyo Metropolitan Area,3111,700161.14,3880665.56,1.1058459549870694,False,
tokyo_ma,Tokyo Metropolitan Area,3112,45162.420000000006,250214.11000000002,1.1062881375823088,False,
tokyo_ma,Tokyo Metropolitan Area,3113,545692.74,7146851.04,0.467989697606239,False,
tokyo_ma,Tokyo Metropolitan Area,3121,19830.239999999998,104717.8,1.1606741382613355,False,
tokyo_ma,Tokyo Metropolitan Area,3122,29392.46,173153.37,1.0404179453430547,False,
tokyo_ma,Tokyo Metropolitan Area,3131,34723.55,509079.07,0.41806299187065565,False,
tokyo_ma,Tokyo Metropolitan Area,3132,0.0,64030.13,0.0,False,
tokyo_ma,Tokyo Metropolitan Area,3133,3244.41,14945.55,1.330536143490443,False,
tokyo_ma,Tokyo Metropolitan Area,3134,3931.55,212509.0,0.11339380343453957,False,
tokyo_ma,Tokyo Metropolitan Area,3141,0.0,42041.67,0.0,False,
tokyo_ma,Tokyo Metropolitan Area,3142,241451.5,326478.99,4.53291438581892,False,
tokyo_ma,Tokyo Metropolitan Area,3149,13923.59,155116.28,0.5501697304048625,False,
tokyo_ma,Tokyo Metropolitan Area,3151,4623.07,96610.2,0.29329883310794136,False,
tokyo_ma,Tokyo Metropolitan Area,3159,4119.8099999999995,49747.58,0.5075841770154883,False,
tokyo_ma,Tokyo Metropolitan Area,3191,2961.93,155776.86,0.11653991365875965,False,
tokyo_ma,Tokyo Metropolitan Area,3199,30321.68,185025.8,1.0044395768784729,False,
tokyo_ma,Tokyo Metropolitan Area,3211,12627.880000000001,33726.700000000004,2.294877160073383,False,
tokyo_ma,Tokyo Metropolitan Area,3212,765.11,3694.44,1.2693404136574677,False,
tokyo_ma,Tokyo Metropolitan Area,3219,2183.7,2521.79,5.307462115303461,False,
tokyo_ma,Tokyo Metropolitan Area,3221,4971.549999999999,14263.48,2.136334042613735,False,
tokyo_ma,Tokyo Metropolitan Area,3222,452.37,1102.22,2.5155233663794605,False,
tokyo_ma,Tokyo Metropolitan Area,3223,2046.3,3038.85,4.127270066647555,False,
tokyo_ma,Tokyo Metropolitan Area,3224,1597.42,36060.869999999995,0.2715099590927753,False,
tokyo_ma,Tokyo Metropolitan Area,3229,3340.54,4151.6,4.9317836911105415,False,
tokyo_ma,Tokyo Metropolitan Area,3231,597.5000000000002,28358.050000000003,0.12914107364275687,False,
tokyo_ma,Tokyo Metropolitan Area,3241,0.0,6661.68,0.0,False,
tokyo_ma,Tokyo Metropolitan Area,3249,6004.65,37549.17,0.9801447174018572,False,
tokyo_ma,Tokyo Metropolitan Area,3251,22769.78,62045.990000000005,2.249303002514112,False,
tokyo_ma,Tokyo Metropolitan Area,3252,4717.27,8137.13,3.5532218741449566,False,
tokyo_ma,Tokyo Metropolitan Area,3253,46079.96,127707.03,2.2115671758055706,False,
tokyo_ma,Tokyo Metropolitan Area,3261,14843.91,69724.71,1.304861576431006,False,
tokyo_ma,Tokyo Metropolitan Area,3262,320.48,8518.88,0.23057981068091632,False,
tokyo_ma,Tokyo Metropolitan Area,3269,6313.79,26659.52,1.451578924876591,False,
tokyo_ma,Tokyo Metropolitan Area,3271,0.0,8049.88,0.0,False,
tokyo_ma,Tokyo Metropolitan Area,3281,0.0,835.31,0.0,False,
tokyo_ma,Tokyo Metropolitan Area,3282,4453.18,25303.43,1.0786826689640485,False,
tokyo_ma,Tokyo Metropolitan Area,3283,0.0,3343.08,0.0,False,
tokyo_ma,Tokyo Metropolitan Area,3284,4663.0,39837.9,0.7174172672069064,False,
tokyo_ma,Tokyo Metropolitan Area,3285,0.0,0.0,,False,
tokyo_ma,Tokyo Metropolitan Area,3289,2954.05,21835.420000000002,0.829199705049418,False,
tokyo_ma,Tokyo Metropolitan Area,3291,488.97,2638.81,1.1357348184534766,False,
tokyo_ma,Tokyo Metropolitan Area,3292,38024.18,175072.98,1.3312008308520327,False,
tokyo_ma,Tokyo Metropolitan Area,3293,5586.97,32031.690000000002,1.0690532387870992,False,
tokyo_ma,Tokyo Metropolitan Area,3294,6219.46,10414.970000000001,3.660138358787895,False,
tokyo_ma,Tokyo Metropolitan Area,3295,18903.350000000002,51306.26,2.25824607877367,False,
tokyo_ma,Tokyo Metropolitan Area,3296,6821.42,360754.95,0.11589517038781987,False,
tokyo_ma,Tokyo Metropolitan Area,3297,565.94,43204.35,0.08028709823753556,False,
tokyo_ma,Tokyo Metropolitan Area,3299,65150.47,393588.42,1.0145608221135798,False,
osaka_kansai,Osaka/Kansai Metropolitan Area,0911,18735.13,401233.1,0.33254339621144624,False,
osaka_kansai,Osaka/Kansai Metropolitan Area,0912,53199.600000000006,311321.52,1.2169916399589684,False,
osaka_kansai,Osaka/Kansai Metropolitan Area,0913,51074.19,297394.37,1.2230863386758781,False,
osaka_kansai,Osaka/Kansai Metropolitan Area,0914,67663.73,487426.3,0.9886335542413286,False,
osaka_kansai,Osaka/Kansai Metropolitan Area,0919,10917.58,292592.79,0.2657364524772555,False,
osaka_kansai,Osaka/Kansai Metropolitan Area,0921,473.36,21517.350000000002,0.1566719115589593,False,
osaka_kansai,Osaka/Kansai Metropolitan Area,0922,11456.96,121847.15000000001,0.6696415476940822,False,
osaka_kansai,Osaka/Kansai Metropolitan Area,0923,15912.630000000001,141750.89,0.7994743609087639,False,
osaka_kansai,Osaka/Kansai Metropolitan Area,0924,4773.27,82936.81,0.40988029868814013,False,
osaka_kansai,Osaka/Kansai Metropolitan Area,0925,5333.290000000001,141130.35,0.26913064415424554,False,
osaka_kansai,Osaka/Kansai Metropolitan Area,0926,5995.29,139627.44,0.3057931762758761,False,
osaka_kansai,Osaka/Kansai Metropolitan Area,0929,26173.45,282563.71,0.6596794541301699,False,
osaka_kansai,Osaka/Kansai Metropolitan Area,0931,15167.96,136549.62,0.7910884594153074,False,
osaka_kansai,Osaka/Kansai Metropolitan Area,0932,10886.11,156836.04,0.4943280110434706,False,
osaka_kansai,Osaka/Kansai Metropolitan Area,0941,2209.81,54355.229999999996,0.2895355977923469,False,
osaka_kansai,Osaka/Kansai Metropolitan Area,0942,3711.5,40381.73,0.654565203123488,False,
osaka_kansai,Osaka/Kansai Metropolitan Area,0943,22600.04,95253.3,1.689730905432928,False,
osaka_kansai,Osaka/Kansai Metropolitan Area,0944,697.66,3785.06,1.3126816840772442,False,
osaka_kansai,Osaka/Kansai Metropolitan Area,0949,66822.3,526785.24,0.9033918994895429,False,
osaka_kansai,Osaka/Kansai Metropolitan Area,0951,0.0,39043.86,0.0,False,
osaka_kansai,Osaka/Kansai Metropolitan Area,0952,7953.02,32499.78,1.742769792297543,False,
osaka_kansai,Osaka/Kansai Metropolitan Area,0953,0.0,34304.36,0.0,False,
osaka_kansai,Osaka/Kansai Metropolitan Area,0961,13211.61,143622.73,0.6551201199444258,False,
osaka_kansai,Osaka/Kansai Metropolitan Area,0962,13288.33,52095.65,1.8165916508393807,False,
osaka_kansai,Osaka/Kansai Metropolitan Area,0969,5258.92,40997.659999999996,0.9135364176988859,False,
osaka_kansai,Osaka/Kansai Metropolitan Area,0971,152958.72,936963.61,1.1626256142214926,False,
osaka_kansai,Osaka/Kansai Metropolitan Area,0972,89753.08,519408.83999999997,1.2306325397983968,False,
osaka_kansai,Osaka/Kansai Metropolitan Area,0973,25344.98,230150.41,0.7842753588253263,False,
osaka_kansai,Osaka/Kansai Metropolitan Area,0974,11073.03,180963.25,0.4357771551305732,False,
osaka_kansai,Osaka/Kansai Metropolitan Area,0979,129655.14000000001,767009.5,1.2038638279462324,False,
osaka_kansai,Osaka/Kansai Metropolitan Area,0981,24109.9,95590.31,1.7962629377519894,False,
osaka_kansai,Osaka/Kansai Metropolitan Area,0982,42577.3,59709.52,5.078353258475803,False,
osaka_kansai,Osaka/Kansai Metropolitan Area,0991,0.0,8055.97,0.0,False,
osaka_kansai,Osaka/Kansai Metropolitan Area,0992,72714.7,406923.56,1.2726170913401527,False,
osaka_kansai,Osaka/Kansai Metropolitan Area,0993,17636.87,144424.29,0.8697003457586866,False,
osaka_kansai,Osaka/Kansai Metropolitan Area,0994,5212.73,34035.82,1.090730312102062,False,
osaka_kansai,Osaka/Kansai Metropolitan Area,0995,56455.11,441947.87,0.9097468970478056,False,
osaka_kansai,Osaka/Kansai Metropolitan Area,0996,66091.88,395830.98,1.1891227670894162,False,
osaka_kansai,Osaka/Kansai Metropolitan Area,0997,82104.04000000001,607069.26,0.9631959669513984,False,
osaka_kansai,Osaka/Kansai Metropolitan Area,0998,5613.82,53496.91,0.7473398763467916,False,
osaka_kansai,Osaka/Kansai Metropolitan Area,0999,136791.76,1014849.61,0.9599455911959863,False,
osaka_kansai,Osaka/Kansai Metropolitan Area,1011,127631.65999999999,857039.99,1.0605855386474548,False,
osaka_kansai,Osaka/Kansai Metropolitan Area,1021,262.52,12325.029999999999,0.1516920360862349,False,
osaka_kansai,Osaka/Kansai Metropolitan Area,1022,37718.4,195189.43,1.3762119866598073,False,
osaka_kansai,Osaka/Kansai Metropolitan Area,1023,46033.1,152554.33,2.1489883137207886,False,
osaka_kansai,Osaka/Kansai Metropolitan Area,1024,48110.71,515534.86,0.6646179997809698,False,
osaka_kansai,Osaka/Kansai Metropolitan Area,1031,12826.14,97372.14,0.9381010700581333,False,
osaka_kansai,Osaka/Kansai Metropolitan Area,1032,23559.23,58275.42,2.8791483978307,False,
osaka_kansai,Osaka/Kansai Metropolitan Area,1041,3804.54,29904.74,0.9060465140682088,False,
osaka_kansai,Osaka/Kansai Metropolitan Area,1051,0.0,0.0,,False,
osaka_kansai,Osaka/Kansai Metropolitan Area,1052,0.0,0.0,,False,
osaka_kansai,Osaka/Kansai Metropolitan Area,1061,16329.519999999999,226598.69,0.5132209714033779,False,
osaka_kansai,Osaka/Kansai Metropolitan Area,1062,0.0,28509.07,0.0,False,
osaka_kansai,Osaka/Kansai Metropolitan Area,1063,2696.7,40170.26,0.4780973787586638,False,
osaka_kansai,Osaka/Kansai Metropolitan Area,1111,29.33,186.33999999999997,1.1209709087093074,False,
osaka_kansai,Osaka/Kansai Metropolitan Area,1112,3382.05,92954.05,0.25911948828948717,False,
osaka_kansai,Osaka/Kansai Metropolitan Area,1113,1193.87,16241.97,0.5234879694733819,False,
osaka_kansai,Osaka/Kansai Metropolitan Area,1114,3319.01,3399.17,6.953829625749697,False,
osaka_kansai,Osaka/Kansai Metropolitan Area,1115,436.08000000000004,4552.34,0.6822127762821925,False,
osaka_kansai,Osaka/Kansai Metropolitan Area,1116,1128.04,2710.77,2.963604184887881,False,
osaka_kansai,Osaka/Kansai Metropolitan Area,1117,4846.25,14722.75,2.344257135372268,False,
osaka_kansai,Osaka/Kansai Metropolitan Area,1118,0.0,7484.099999999999,0.0,False,
osaka_kansai,Osaka/Kansai Metropolitan Area,1119,0.0,615.86,0.0,False,
osaka_kansai,Osaka/Kansai Metropolitan Area,1121,9955.509999999998,31203.84,2.2721857965511085,False,
osaka_kansai,Osaka/Kansai Metropolitan Area,1122,7683.79,45898.0,1.192257589027544,False,
osaka_kansai,Osaka/Kansai Metropolitan Area,1123,1442.34,11282.599999999999,0.9104305589452939,False,
osaka_kansai,Osaka/Kansai Metropolitan Area,1124,0.0,82.66,0.0,False,
osaka_kansai,Osaka/Kansai Metropolitan Area,1125,805.49,15208.76,0.37718526349353515,False,
osaka_kansai,Osaka/Kansai Metropolitan Area,1129,0.0,829.6400000000001,0.0,False,
osaka_kansai,Osaka/Kansai Metropolitan Area,1131,1569.56,11788.689999999999,0.9482017334476399,False,
osaka_kansai,Osaka/Kansai Metropolitan Area,1132,0.0,7916.85,0.0,False,
osaka_kansai,Osaka/Kansai Metropolitan Area,1133,597.27,932.64,4.5608420645324905,False,
osaka_kansai,Osaka/Kansai Metropolitan Area,1141,4786.27,12122.13,2.8119437389235173,False,
osaka_kansai,Osaka/Kansai Metropolitan Area,1142,1441.75,27074.690000000002,0.3792406109149109,False,
osaka_kansai,Osaka/Kansai Metropolitan Area,1143,100.42,4514.65,0.15841069526486973,False,
osaka_kansai,Osaka/Kansai Metropolitan Area,1144,1204.52,4261.29,2.013081207919553,False,
osaka_kansai,Osaka/Kansai Metropolitan Area,1145,3473.33,9870.78,2.506010839479812,False,
osaka_kansai,Osaka/Kansai Metropolitan Area,1146,3635.53,9210.53,2.8110688420716254,False,
osaka_kansai,Osaka/Kansai Metropolitan Area,1147,1770.42,16354.73,0.7709412762773679,False,
osaka_kansai,Osaka/Kansai Metropolitan Area,1148,3455.0699999999997,9701.92,2.5362235543351783,False,
osaka_kansai,Osaka/Kansai Metropolitan Area,1151,3596.77,11076.1,2.3126726759254126,False,
osaka_kansai,Osaka/Kansai Metropolitan Area,1152,0.0,14072.27,0.0,False,
osaka_kansai,Osaka/Kansai Metropolitan Area,1153,0.0,5341.39,0.0,False,
osaka_kansai,Osaka/Kansai Metropolitan Area,1154,562.41,6896.41,0.5807889318036037,False,
osaka_kansai,Osaka/Kansai Metropolitan Area,1155,171.64,3895.53,0.3137908840735278,False,
osaka_kansai,Osaka/Kansai Metropolitan Area,1156,0.0,601.65,0.0,False,
osaka_kansai,Osaka/Kansai Metropolitan Area,1157,12130.33,96139.13,0.8985883799879322,False,
osaka_kansai,Osaka/Kansai Metropolitan Area,1158,0.0,2844.23,0.0,False,
osaka_kansai,Osaka/Kansai Metropolitan Area,1159,2875.65,12916.47,1.585552244730092,False,
osaka_kansai,Osaka/Kansai Metropolitan Area,1161,4002.46,43668.27,0.6527537622410781,False,
osaka_kansai,Osaka/Kansai Metropolitan Area,1162,8196.15,71589.83,0.8153553721247221,False,
osaka_kansai,Osaka/Kansai Metropolitan Area,1163,1425.27,1550.43,6.546864477035259,False,
osaka_kansai,Osaka/Kansai Metropolitan Area,1164,336.78,13566.9,0.1767885113645857,False,
osaka_kansai,Osaka/Kansai Metropolitan Area,1165,2014.81,74875.32,0.1916389472266622,False,
osaka_kansai,Osaka/Kansai Metropolitan Area,1166,492.72,6971.61,0.5033330835657217,False,
osaka_kansai,Osaka/Kansai Metropolitan Area,1167,2448.21,29824.93,0.5845983761137279,False,
osaka_kansai,Osaka/Kansai Metropolitan Area,1168,2251.8199999999997,15436.87,1.038873804246448,False,
osaka_kansai,Osaka/Kansai Metropolitan Area,1169,2881.13,21391.85,0.9591861078119176,False,
osaka_kansai,Osaka/Kansai Metropolitan Area,1171,2858.81,3668.79,5.549461069717889,False,
osaka_kansai,Osaka/Kansai Metropolitan Area,1172,12399.44,21933.72,4.026040566125581,False,
osaka_kansai,Osaka/Kansai Metropolitan Area,1173,464.46,538.64,6.140985706535856,False,
osaka_kansai,Osaka/Kansai Metropolitan Area,1174,0.0,6782.36,0.0,False,
osaka_kansai,Osaka/Kansai Metropolitan Area,1181,5410.07,13358.31,2.8842953968382403,False,
osaka_kansai,Osaka/Kansai Metropolitan Area,1182,-30.98,13.360000000000003,-16.51441999723639,False,
osaka_kansai,Osaka/Kansai Metropolitan Area,1183,1598.69,2809.17,4.052981363465959,False,
osaka_kansai,Osaka/Kansai Metropolitan Area,1184,12157.76,17126.58,5.055583509550436,False,
osaka_kansai,Osaka/Kansai Metropolitan Area,1185,0.0,8008.45,0.0,False,
osaka_kansai,Osaka/Kansai Metropolitan Area,1186,3815.81,7405.4,3.669666440408096,False,
osaka_kansai,Osaka/Kansai Metropolitan Area,1189,3971.18,7547.85,3.747008532071914,False,
osaka_kansai,Osaka/Kansai Metropolitan Area,1191,6434.2,31024.96,1.4769700754403123,False,
osaka_kansai,Osaka/Kansai Metropolitan Area,1192,1173.94,1173.94,7.121776990415694,False,
osaka_kansai,Osaka/Kansai Metropolitan Area,1193,16248.050000000001,30313.530000000002,3.8172719781933586,False,
osaka_kansai,Osaka/Kansai Metropolitan Area,1194,4008.91,32659.24,0.874195572053954,False,
osaka_kansai,Osaka/Kansai Metropolitan Area,1195,1795.56,3836.56,3.3330842976288144,False,
osaka_kansai,Osaka/Kansai Metropolitan Area,1196,2455.59,9514.97,1.8379631632989784,False,
osaka_kansai,Osaka/Kansai Metropolitan Area,1197,4871.42,20032.78,1.7318198905319595,False,
osaka_kansai,Osaka/Kansai Metropolitan Area,1198,5599.12,53797.36,0.7412200892864691,False,
osaka_kansai,Osaka/Kansai Metropolitan Area,1199,13518.599999999999,123215.17,0.781368515115741,False,
osaka_kansai,Osaka/Kansai Metropolitan Area,1211,14567.84,225589.88999999998,0.45990051997479753,False,
osaka_kansai,Osaka/Kansai Metropolitan Area,1212,1488.4299999999998,4113.8099999999995,2.576751606380565,False,
osaka_kansai,Osaka/Kansai Metropolitan Area,1213,3411.41,63820.119999999995,0.38068404200546796,False,
osaka_kansai,Osaka/Kansai Metropolitan Area,1219,692.51,3106.51,1.58760209483722,False,
osaka_kansai,Osaka/Kansai Metropolitan Area,1221,3926.11,55452.22,0.5042337323887297,False,
osaka_kansai,Osaka/Kansai Metropolitan Area,1222,9791.58,87885.53,0.7934576846019419,False,
osaka_kansai,Osaka/Kansai Metropolitan Area,1223,8236.720000000001,40088.76,1.4632551112206205,False,
osaka_kansai,Osaka/Kansai Metropolitan Area,1224,9630.06,211172.78,0.32477263274330415,False,
osaka_kansai,Osaka/Kansai Metropolitan Area,1225,5682.98,7262.159999999999,5.573123726410955,False,
osaka_kansai,Osaka/Kansai Metropolitan Area,1226,0.0,1494.72,0.0,False,
osaka_kansai,Osaka/Kansai Metropolitan Area,1227,0.0,0.0,,False,
osaka_kansai,Osaka/Kansai Metropolitan Area,1228,0.0,24788.24,0.0,False,
osaka_kansai,Osaka/Kansai Metropolitan Area,1231,0.0,42.41,0.0,False,
osaka_kansai,Osaka/Kansai Metropolitan Area,1232,7099.0,32889.98,1.5371701306890735,False,
osaka_kansai,Osaka/Kansai Metropolitan Area,1233,0.0,0.0,,False,
osaka_kansai,Osaka/Kansai Metropolitan Area,1291,0.0,3867.07,0.0,False,
osaka_kansai,Osaka/Kansai Metropolitan Area,1292,0.0,0.0,,False,
osaka_kansai,Osaka/Kansai Metropolitan Area,1299,4853.13,39314.35,0.8791423377340875,False,
osaka_kansai,Osaka/Kansai Metropolitan Area,1311,31486.62,294653.06,0.7610329443785943,False,
osaka_kansai,Osaka/Kansai Metropolitan Area,1312,30757.030000000002,160286.26,1.3665844380393257,False,
osaka_kansai,Osaka/Kansai Metropolitan Area,1313,0.0,3395.9500000000003,0.0,False,
osaka_kansai,Osaka/Kansai Metropolitan Area,1321,3350.2799999999997,13520.25,1.7647563481037625,False,
osaka_kansai,Osaka/Kansai Metropolitan Area,1331,12368.01,85802.58,1.0265683040676774,False,
osaka_kansai,Osaka/Kansai Metropolitan Area,1391,11062.81,76346.34999999999,1.0319663704596311,False,
osaka_kansai,Osaka/Kansai Metropolitan Area,1392,2901.35,25075.170000000002,0.8240330044080487,False,
osaka_kansai,Osaka/Kansai Metropolitan Area,1393,752.8,4125.2,1.2996397067742014,False,
osaka_kansai,Osaka/Kansai Metropolitan Area,1399,838.97,20450.39,0.2921683763316522,False,
osaka_kansai,Osaka/Kansai Metropolitan Area,1411,0.0,6500.94,0.0,False,
osaka_kansai,Osaka/Kansai Metropolitan Area,1421,31493.68,346863.54000000004,0.6466259485430926,False,
osaka_kansai,Osaka/Kansai Metropolitan Area,1422,35440.95,176939.45,1.4264910523259402,False,
osaka_kansai,Osaka/Kansai Metropolitan Area,1424,229.33,330.47,4.942164545078317,False,
osaka_kansai,Osaka/Kansai Metropolitan Area,1431,15527.04,71813.1,1.5398320947189874,False,
osaka_kansai,Osaka/Kansai Metropolitan Area,1432,4307.59,24465.68,1.2539073243067327,False,
osaka_kansai,Osaka/Kansai Metropolitan Area,1433,736.08,8846.7,0.5925596671193987,False,
osaka_kansai,Osaka/Kansai Metropolitan Area,1441,10147.47,58849.5,1.2280141438233723,False,
osaka_kansai,Osaka/Kansai Metropolitan Area,1442,6939.88,14561.47,3.394181885499615,False,
osaka_kansai,Osaka/Kansai Metropolitan Area,1449,14224.18,53459.82,1.8949079482783728,False,
osaka_kansai,Osaka/Kansai Metropolitan Area,1451,2471.19,24577.67,0.7160672301705313,False,
osaka_kansai,Osaka/Kansai Metropolitan Area,1452,4657.49,18699.21,1.7738506126778188,False,
osaka_kansai,Osaka/Kansai Metropolitan Area,1453,74484.45,503051.89,1.054486928085626,False,
osaka_kansai,Osaka/Kansai Metropolitan Area,1454,47755.09,197456.45,1.7224106942935042,False,
osaka_kansai,Osaka/Kansai Metropolitan Area,1499,37764.17,466982.08999999997,0.5759278626042097,False,
osaka_kansai,Osaka/Kansai Metropolitan Area,1511,258774.4,1370698.12,1.3445218467423206,False,
osaka_kansai,Osaka/Kansai Metropolitan Area,1512,16446.36,133175.66,0.8794948583254109,False,
osaka_kansai,Osaka/Kansai Metropolitan Area,1513,46724.78,313859.42,1.0602309246803407,False,
osaka_kansai,Osaka/Kansai Metropolitan Area,1521,25083.11,145662.21,1.2263737838802928,False,
osaka_kansai,Osaka/Kansai Metropolitan Area,1531,9261.63,57772.33,1.1417102863558335,False,
osaka_kansai,Osaka/Kansai Metropolitan Area,1532,11647.0,45761.939999999995,1.8125834832913903,False,
osaka_kansai,Osaka/Kansai Metropolitan Area,1591,2228.41,8318.41,1.9078452568714739,False,
osaka_kansai,Osaka/Kansai Metropolitan Area,1611,0.0,4110.6,0.0,False,
osaka_kansai,Osaka/Kansai Metropolitan Area,1612,7282.19,37968.89,1.3659112284250414,False,
osaka_kansai,Osaka/Kansai Metropolitan Area,1619,996.8,6192.0,1.1464772777852656,False,
osaka_kansai,Osaka/Kansai Metropolitan Area,1621,0.0,1778.21,0.0,False,
osaka_kansai,Osaka/Kansai Metropolitan Area,1622,3335.75,70526.66,0.3368437920607491,False,
osaka_kansai,Osaka/Kansai Metropolitan Area,1623,21011.0,139395.31,1.073462631889295,False,
osaka_kansai,Osaka/Kansai Metropolitan Area,1624,8298.74,22808.43,2.5912250681630584,False,
osaka_kansai,Osaka/Kansai Metropolitan Area,1629,108602.51,542276.75,1.426288065677517,False,
osaka_kansai,Osaka/Kansai Metropolitan Area,1631,0.0,0.0,,False,
osaka_kansai,Osaka/Kansai Metropolitan Area,1632,2623.67,403912.57,0.046260488096332195,False,
osaka_kansai,Osaka/Kansai Metropolitan Area,1633,1789.54,1789.54,7.121776990415695,False,
osaka_kansai,Osaka/Kansai Metropolitan Area,1634,21629.04,293042.27,0.5256483967203117,False,
osaka_kansai,Osaka/Kansai Metropolitan Area,1635,109123.21,926824.0,0.8385099717943212,False,
osaka_kansai,Osaka/Kansai Metropolitan Area,1636,0.0,50925.2,0.0,False,
osaka_kansai,Osaka/Kansai Metropolitan Area,1639,95601.9,574273.97,1.1855933704604829,False,
osaka_kansai,Osaka/Kansai Metropolitan Area,1641,3705.27,6465.38,4.0814471275126225,False,
osaka_kansai,Osaka/Kansai Metropolitan Area,1642,100214.59000000001,493517.79000000004,1.446160555156366,False,
osaka_kansai,Osaka/Kansai Metropolitan Area,1643,20123.45,82831.73,1.7301911136925516,False,
osaka_kansai,Osaka/Kansai Metropolitan Area,1644,106284.64,362606.62,2.087483961507971,False,
osaka_kansai,Osaka/Kansai Metropolitan Area,1645,7615.2699999999995,65006.47,0.8342901046896244,False,
osaka_kansai,Osaka/Kansai Metropolitan Area,1646,13137.18,36711.01,2.548556039263133,False,
osaka_kansai,Osaka/Kansai Metropolitan Area,1647,0.0,4689.04,0.0,False,
osaka_kansai,Osaka/Kansai Metropolitan Area,1651,15528.04,135929.18,0.8135651077881477,True,pharmaceuticals
osaka_kansai,Osaka/Kansai Metropolitan Area,1652,377253.9,4001977.51,0.6713476369747475,True,pharmaceuticals
osaka_kansai,Osaka/Kansai Metropolitan Area,1653,0.0,70233.08,0.0,False,
osaka_kansai,Osaka/Kansai Metropolitan Area,1654,12080.61,19106.41,4.502960541943032,False,
osaka_kansai,Osaka/Kansai Metropolitan Area,1655,0.0,859.56,0.0,True,pharmaceuticals
osaka_kansai,Osaka/Kansai Metropolitan Area,1661,96722.27,739495.03,0.9314929904894347,False,
osaka_kansai,Osaka/Kansai Metropolitan Area,1662,39709.369999999995,144537.02,1.9566009979305181,False,
osaka_kansai,Osaka/Kansai Metropolitan Area,1669,67102.08,141901.17,3.3677386123950437,False,
osaka_kansai,Osaka/Kansai Metropolitan Area,1691,0.0,0.0,,False,
osaka_kansai,Osaka/Kansai Metropolitan Area,1692,3058.97,75853.11,0.2872038095784325,False,
osaka_kansai,Osaka/Kansai Metropolitan Area,1693,7800.030000000001,38929.76,1.426930815359564,False,
osaka_kansai,Osaka/Kansai Metropolitan Area,1694,19832.760000000002,104170.85,1.3558926880642403,False,
osaka_kansai,Osaka/Kansai Metropolitan Area,1695,0.0,62071.67,0.0,False,
osaka_kansai,Osaka/Kansai Metropolitan Area,1696,2422.45,3802.8500000000004,4.5366366463132906,False,
osaka_kansai,Osaka/Kansai Metropolitan Area,1697,11141.32,25103.25,3.160785811353438,False,
osaka_kansai,Osaka/Kansai Metropolitan Area,1699,84656.9,443377.48,1.3598064622044457,False,
osaka_kansai,Osaka/Kansai Metropolitan Area,1711,0.0,466989.2,0.0,False,
osaka_kansai,Osaka/Kansai Metropolitan Area,1721,22516.35,78370.88,2.0461225309470357,False,
osaka_kansai,Osaka/Kansai Metropolitan Area,1731,0.0,8838.46,0.0,False,
osaka_kansai,Osaka/Kansai Metropolitan Area,1741,13949.460000000001,131507.21,0.7554334340810982,False,
osaka_kansai,Osaka/Kansai Metropolitan Area,1799,845.74,27024.67,0.22287678894410812,False,
osaka_kansai,Osaka/Kansai Metropolitan Area,1811,17741.97,75789.14,1.6671828405843576,False,
osaka_kansai,Osaka/Kansai Metropolitan Area,1812,8543.58,107164.31,0.567777382785143,False,
osaka_kansai,Osaka/Kansai Metropolitan Area,1813,7818.51,15665.310000000001,3.5544578828848588,False,
osaka_kansai,Osaka/Kansai Metropolitan Area,1814,9366.029999999999,76227.55,0.8750481544473502,False,
osaka_kansai,Osaka/Kansai Metropolitan Area,1815,9697.5,50971.97,1.3549296282752303,False,
osaka_kansai,Osaka/Kansai Metropolitan Area,1821,88723.21,786479.85,0.8034114484863405,False,
osaka_kansai,Osaka/Kansai Metropolitan Area,1822,21173.78,63037.21,2.3921575717599817,False,
osaka_kansai,Osaka/Kansai Metropolitan Area,1823,0.0,5364.08,0.0,False,
osaka_kansai,Osaka/Kansai Metropolitan Area,1824,1759.61,17821.15,0.703184138515492,False,
osaka_kansai,Osaka/Kansai Metropolitan Area,1825,76767.43,417211.67,1.3104152062365548,False,
osaka_kansai,Osaka/Kansai Metropolitan Area,1831,28310.3,164676.97,1.2243341806189745,False,
osaka_kansai,Osaka/Kansai Metropolitan Area,1832,19123.65,700783.24,0.19434593005215578,False,
osaka_kansai,Osaka/Kansai Metropolitan Area,1833,28680.839999999997,237480.98,0.8601048655677352,False,
osaka_kansai,Osaka/Kansai Metropolitan Area,1834,21270.710000000003,116334.45999999999,1.3021528878700694,False,
osaka_kansai,Osaka/Kansai Metropolitan Area,1841,9111.27,138482.89,0.46856642751653155,False,
osaka_kansai,Osaka/Kansai Metropolitan Area,1842,6054.89,52404.94,0.8228532707316922,False,
osaka_kansai,Osaka/Kansai Metropolitan Area,1843,5449.0599999999995,13446.45,2.886039819238129,False,
osaka_kansai,Osaka/Kansai Metropolitan Area,1844,3212.07,68352.25,0.33467290714796577,False,
osaka_kansai,Osaka/Kansai Metropolitan Area,1845,4595.78,36553.25,0.8954093071618158,False,
osaka_kansai,Osaka/Kansai Metropolitan Area,1851,16674.66,157305.58,0.7549205178290876,False,
osaka_kansai,Osaka/Kansai Metropolitan Area,1852,0.0,14419.769999999999,0.0,False,
osaka_kansai,Osaka/Kansai Metropolitan Area,1891,32052.149999999998,159638.33,1.4299088719065929,False,
osaka_kansai,Osaka/Kansai Metropolitan Area,1892,86930.68,550165.4299999999,1.1252995605070824,False,
osaka_kansai,Osaka/Kansai Metropolitan Area,1897,67115.05,388851.16,1.229206616744049,False,
osaka_kansai,Osaka/Kansai Metropolitan Area,1898,19868.47,109232.08,1.295396118802869,False,
osaka_kansai,Osaka/Kansai Metropolitan Area,1911,0.0,292587.74,0.0,False,
osaka_kansai,Osaka/Kansai Metropolitan Area,1919,0.0,0.0,,False,
osaka_kansai,Osaka/Kansai Metropolitan Area,1921,2161.14,11728.35,1.3123037021462503,False,
osaka_kansai,Osaka/Kansai Metropolitan Area,1922,2898.05,10639.95,1.9397897365188936,False,
osaka_kansai,Osaka/Kansai Metropolitan Area,1931,22751.7,30742.75,5.27059334486475,False,
osaka_kansai,Osaka/Kansai Metropolitan Area,1932,174.92,27292.47,0.04564413668544889,False,
osaka_kansai,Osaka/Kansai Metropolitan Area,1933,53352.62,492036.35,0.7722304693431536,False,
osaka_kansai,Osaka/Kansai Metropolitan Area,1991,115.32,1506.23,0.545257578546927,False,
osaka_kansai,Osaka/Kansai Metropolitan Area,1992,0.0,13010.5,0.0,False,
osaka_kansai,Osaka/Kansai Metropolitan Area,1993,1279.45,8316.49,1.0956494350846764,False,
osaka_kansai,Osaka/Kansai Metropolitan Area,1994,0.0,2143.88,0.0,False,
osaka_kansai,Osaka/Kansai Metropolitan Area,1995,0.0,0.0,,False,
osaka_kansai,Osaka/Kansai Metropolitan Area,1999,1088.3400000000001,25110.059999999998,0.30867766822337417,False,
osaka_kansai,Osaka/Kansai Metropolitan Area,2011,2665.4799999999996,4323.41,4.390736509471279,False,
osaka_kansai,Osaka/Kansai Metropolitan Area,2021,167.01,3622.25,0.32836164681325836,False,
osaka_kansai,Osaka/Kansai Metropolitan Area,2031,180.28,1603.84,0.8005249624851242,False,
osaka_kansai,Osaka/Kansai Metropolitan Area,2041,6658.48,21600.79,2.1952997855700227,False,
osaka_kansai,Osaka/Kansai Metropolitan Area,2051,494.06,2719.31,1.293925716407757,False,
osaka_kansai,Osaka/Kansai Metropolitan Area,2061,9395.279999999999,22002.65,3.041046824928486,False,
osaka_kansai,Osaka/Kansai Metropolitan Area,2071,4628.04,14089.880000000001,2.339258303315816,False,
osaka_kansai,Osaka/Kansai Metropolitan Area,2072,1923.6,5706.28,2.400767263219406,False,
osaka_kansai,Osaka/Kansai Metropolitan Area,2081,0.0,0.0,,False,
osaka_kansai,Osaka/Kansai Metropolitan Area,2099,365.09,2146.28,1.2114400550864126,False,
osaka_kansai,Osaka/Kansai Metropolitan Area,2111,9631.91,9631.91,7.121776990415695,False,
osaka_kansai,Osaka/Kansai Metropolitan Area,2112,27389.69,137228.72,1.4214463562483044,False,
osaka_kansai,Osaka/Kansai Metropolitan Area,2113,3886.37,50637.340000000004,0.5465899362455027,False,
osaka_kansai,Osaka/Kansai Metropolitan Area,2114,14052.41,27024.57,3.703227477731835,False,
osaka_kansai,Osaka/Kansai Metropolitan Area,2115,7486.500000000001,14639.69,3.6419612327000848,False,
osaka_kansai,Osaka/Kansai Metropolitan Area,2116,0.0,3350.57,0.0,False,
osaka_kansai,Osaka/Kansai Metropolitan Area,2117,2492.16,104585.03,0.16970504999075278,False,
osaka_kansai,Osaka/Kansai Metropolitan Area,2119,9695.24,119073.84999999999,0.5798698635221576,False,
osaka_kansai,Osaka/Kansai Metropolitan Area,2121,3333.6800000000003,80766.1,0.29395656738915205,False,
osaka_kansai,Osaka/Kansai Metropolitan Area,2122,71905.76000000001,541979.25,0.9448641936870338,False,
osaka_kansai,Osaka/Kansai Metropolitan Area,2123,23912.399999999998,464797.41,0.3663935651139197,False,
osaka_kansai,Osaka/Kansai Metropolitan Area,2129,6041.7699999999995,135034.63,0.3186452139527751,False,
osaka_kansai,Osaka/Kansai Metropolitan Area,2131,1615.8,14500.08,0.7936071567269752,False,
osaka_kansai,Osaka/Kansai Metropolitan Area,2132,0.0,1233.68,0.0,False,
osaka_kansai,Osaka/Kansai Metropolitan Area,2139,317.43,1615.18,1.3996369878698685,False,
osaka_kansai,Osaka/Kansai Metropolitan Area,2141,0.0,43250.33,0.0,False,
osaka_kansai,Osaka/Kansai Metropolitan Area,2142,410.24,21300.53,0.1371626805787525,False,
osaka_kansai,Osaka/Kansai Metropolitan Area,2143,0.0,1576.83,0.0,False,
osaka_kansai,Osaka/Kansai Metropolitan Area,2144,0.0,130078.87,0.0,False,
osaka_kansai,Osaka/Kansai Metropolitan Area,2145,4079.53,102072.18000000001,0.2846368411619164,False,
osaka_kansai,Osaka/Kansai Metropolitan Area,2146,227.34,18010.559999999998,0.0898953048101283,False,
osaka_kansai,Osaka/Kansai Metropolitan Area,2147,0.0,1215.31,0.0,False,
osaka_kansai,Osaka/Kansai Metropolitan Area,2148,0.0,3461.3,0.0,False,
osaka_kansai,Osaka/Kansai Metropolitan Area,2149,1378.84,2871.84,3.419337771416505,False,
osaka_kansai,Osaka/Kansai Metropolitan Area,2151,3981.03,54254.6,0.5225733458942577,False,
osaka_kansai,Osaka/Kansai Metropolitan Area,2152,10548.16,26232.46,2.8636903736524597,False,
osaka_kansai,Osaka/Kansai Metropolitan Area,2159,1722.21,11719.67,1.0465478593393684,False,
osaka_kansai,Osaka/Kansai Metropolitan Area,2161,7370.41,27040.36,1.9411877781186988,False,
osaka_kansai,Osaka/Kansai Metropolitan Area,2169,4167.14,58996.72,0.5030354529512973,False,
osaka_kansai,Osaka/Kansai Metropolitan Area,2171,0.0,23476.37,0.0,False,
osaka_kansai,Osaka/Kansai Metropolitan Area,2172,6404.280000000001,54934.21,0.830263217477405,False,
osaka_kansai,Osaka/Kansai Metropolitan Area,2173,455.15,8644.11,0.37499254373066787,False,
osaka_kansai,Osaka/Kansai Metropolitan Area,2179,10206.36,13434.31,5.4105808042169,False,
osaka_kansai,Osaka/Kansai Metropolitan Area,2181,15450.01,189095.32,0.5818839182254346,False,
osaka_kansai,Osaka/Kansai Metropolitan Area,2182,2491.56,19434.93,0.913012533528041,False,
osaka_kansai,Osaka/Kansai Metropolitan Area,2183,0.0,1601.54,0.0,False,
osaka_kansai,Osaka/Kansai Metropolitan Area,2184,2679.5299999999997,32387.0,0.5892183622789565,False,
osaka_kansai,Osaka/Kansai Metropolitan Area,2185,0.0,300.68,0.0,False,
osaka_kansai,Osaka/Kansai Metropolitan Area,2186,1459.44,72059.92,0.14423838120958618,False,
osaka_kansai,Osaka/Kansai Metropolitan Area,2191,1173.57,12949.01,0.6454473216595049,False,
osaka_kansai,Osaka/Kansai Metropolitan Area,2192,3183.2799999999997,24055.82,0.9424168562140253,False,
osaka_kansai,Osaka/Kansai Metropolitan Area,2193,939.72,55489.61,0.12060773671744021,False,
osaka_kansai,Osaka/Kansai Metropolitan Area,2194,1893.34,21875.83,0.6163855381502622,False,
osaka_kansai,Osaka/Kansai Metropolitan Area,2199,12238.09,113294.33,0.769296643253342,False,
osaka_kansai,Osaka/Kansai Metropolitan Area,2211,0.0,0.0,,False,
osaka_kansai,Osaka/Kansai Metropolitan Area,2213,0.0,2449.25,0.0,False,
osaka_kansai,Osaka/Kansai Metropolitan Area,2221,94956.06,336114.02,2.011983562032111,False,
osaka_kansai,Osaka/Kansai Metropolitan Area,2231,0.0,71895.5,0.0,False,
osaka_kansai,Osaka/Kansai Metropolitan Area,2232,6165.9,6165.9,7.121776990415695,False,
osaka_kansai,Osaka/Kansai Metropolitan Area,2233,3886.63,10180.61,2.718865775651886,False,
osaka_kansai,Osaka/Kansai Metropolitan Area,2234,29909.44,128971.31,1.6515949290444425,False,
osaka_kansai,Osaka/Kansai Metropolitan Area,2235,0.0,0.0,,False,
osaka_kansai,Osaka/Kansai Metropolitan Area,2236,8691.32,27193.14,2.276222708828026,False,
osaka_kansai,Osaka/Kansai Metropolitan Area,2237,2234.0,8630.6,1.8434465502501172,False,
osaka_kansai,Osaka/Kansai Metropolitan Area,2238,64464.44,105274.77,4.360981890457069,False,
osaka_kansai,Osaka/Kansai Metropolitan Area,2239,0.0,0.0,,False,
osaka_kansai,Osaka/Kansai Metropolitan Area,2241,0.0,0.0,,False,
osaka_kansai,Osaka/Kansai Metropolitan Area,2249,2790.7200000000003,25218.41,0.7881101735871886,False,
osaka_kansai,Osaka/Kansai Metropolitan Area,2251,14746.5,172350.44,0.6093473529232942,False,
osaka_kansai,Osaka/Kansai Metropolitan Area,2252,1621.66,11379.49,1.0149049627248248,False,
osaka_kansai,Osaka/Kansai Metropolitan Area,2253,3404.17,47582.59,0.509508616018241,False,
osaka_kansai,Osaka/Kansai Metropolitan Area,2254,23853.43,107795.7,1.575933074477845,False,
osaka_kansai,Osaka/Kansai Metropolitan Area,2255,0.0,0.0,,False,
osaka_kansai,Osaka/Kansai Metropolitan Area,2291,88104.87,370495.25,1.6935797042190581,False,
osaka_kansai,Osaka/Kansai Metropolitan Area,2292,32141.78,219859.76,1.0411481811633168,False,
osaka_kansai,Osaka/Kansai Metropolitan Area,2293,16716.7,20986.67,5.6727727369650385,False,
osaka_kansai,Osaka/Kansai Metropolitan Area,2299,33089.82,170298.54,1.3837952967359382,False,
osaka_kansai,Osaka/Kansai Metropolitan Area,2311,0.0,0.0,,False,
osaka_kansai,Osaka/Kansai Metropolitan Area,2312,0.0,0.0,,False,
osaka_kansai,Osaka/Kansai Metropolitan Area,2319,11987.66,21107.95,4.04461073467232,False,
osaka_kansai,Osaka/Kansai Metropolitan Area,2321,0.0,18609.95,0.0,False,
osaka_kansai,Osaka/Kansai Metropolitan Area,2322,6078.110000000001,80407.92,0.5383417944801401,False,
osaka_kansai,Osaka/Kansai Metropolitan Area,2329,35753.17,140323.6,1.8145636474578808,False,
osaka_kansai,Osaka/Kansai Metropolitan Area,2331,18460.21,131437.64,1.000242387311897,False,
osaka_kansai,Osaka/Kansai Metropolitan Area,2332,23604.09,161849.5,1.0386381486609548,False,
osaka_kansai,Osaka/Kansai Metropolitan Area,2339,10794.720000000001,89972.54,0.8544561319929406,False,
osaka_kansai,Osaka/Kansai Metropolitan Area,2341,83267.34,316345.02,1.8745717130780826,False,
osaka_kansai,Osaka/Kansai Metropolitan Area,2342,0.0,8296.4,0.0,False,
osaka_kansai,Osaka/Kansai Metropolitan Area,2351,1933.81,19958.18,0.6900510748893823,False,
osaka_kansai,Osaka/Kansai Metropolitan Area,2352,9799.21,78396.49,0.8901902151773808,False,
osaka_kansai,Osaka/Kansai Metropolitan Area,2353,19640.2,215359.53999999998,0.6494865490851361,False,
osaka_kansai,Osaka/Kansai Metropolitan Area,2354,2547.1800000000003,13765.72,1.3177986995556392,False,
osaka_kansai,Osaka/Kansai Metropolitan Area,2355,4336.45,30981.07,0.996841937030843,False,
osaka_kansai,Osaka/Kansai Metropolitan Area,2391,0.0,0.0,,False,
osaka_kansai,Osaka/Kansai Metropolitan Area,2399,29075.65,196878.93,1.0517646309403457,False,
osaka_kansai,Osaka/Kansai Metropolitan Area,2411,23274.5,72260.03,2.2938794595494922,False,
osaka_kansai,Osaka/Kansai Metropolitan Area,2421,0.0,6297.12,0.0,False,
osaka_kansai,Osaka/Kansai Metropolitan Area,2422,10283.58,43207.409999999996,1.6950185957246462,False,
osaka_kansai,Osaka/Kansai Metropolitan Area,2423,12908.189999999999,44889.26,2.047911917681734,False,
osaka_kansai,Osaka/Kansai Metropolitan Area,2424,17982.3,29632.77,4.321767096857706,False,
osaka_kansai,Osaka/Kansai Metropolitan Area,2425,6061.49,8661.23,4.984116575779056,False,
osaka_kansai,Osaka/Kansai Metropolitan Area,2426,1754.24,7886.91,1.5840558682255572,False,
osaka_kansai,Osaka/Kansai Metropolitan Area,2429,42585.11,161564.14,1.877159476925519,False,
osaka_kansai,Osaka/Kansai Metropolitan Area,2431,50150.3,161885.63,2.2062443257159035,False,
osaka_kansai,Osaka/Kansai Metropolitan Area,2432,86326.6,257261.06000000003,2.3897856657389953,False,
osaka_kansai,Osaka/Kansai Metropolitan Area,2433,0.0,339.39,0.0,False,
osaka_kansai,Osaka/Kansai Metropolitan Area,2439,334.0,3939.09,0.6038637133954395,False,
osaka_kansai,Osaka/Kansai Metropolitan Area,2441,48187.439999999995,514638.63,0.6668372357104961,False,
osaka_kansai,Osaka/Kansai Metropolitan Area,2442,157007.6,651650.86,1.7159082902160079,False,
osaka_kansai,Osaka/Kansai Metropolitan Area,2443,26164.32,343745.07,0.5420774533460893,False,
osaka_kansai,Osaka/Kansai Metropolitan Area,2444,16860.66,186811.37,0.6427759746701837,False,
osaka_kansai,Osaka/Kansai Metropolitan Area,2445,39123.270000000004,359312.87,0.7754445424563299,False,
osaka_kansai,Osaka/Kansai Metropolitan Area,2446,89245.37000000001,538237.62,1.1808643598103292,False,
osaka_kansai,Osaka/Kansai Metropolitan Area,2451,13279.95,151284.61,0.6251583842128484,False,
osaka_kansai,Osaka/Kansai Metropolitan Area,2452,65117.65000000001,470798.08999999997,0.9850366670772659,False,
osaka_kansai,Osaka/Kansai Metropolitan Area,2453,12189.26,94330.26,0.9202687599736756,False,
osaka_kansai,Osaka/Kansai Metropolitan Area,2461,34862.48,152545.02,1.6276034962847519,False,
osaka_kansai,Osaka/Kansai Metropolitan Area,2462,12611.630000000001,47412.22,1.8943895971468176,False,
osaka_kansai,Osaka/Kansai Metropolitan Area,2463,1201.6,3524.11,2.4282803975141234,False,
osaka_kansai,Osaka/Kansai Metropolitan Area,2464,34553.04,204586.84,1.202809746809292,False,
osaka_kansai,Osaka/Kansai Metropolitan Area,2465,34949.880000000005,142878.34,1.7420782688389977,False,
osaka_kansai,Osaka/Kansai Metropolitan Area,2469,59384.65,306325.58,1.3806363606783651,False,
osaka_kansai,Osaka/Kansai Metropolitan Area,2471,1395.55,1750.46,5.677819475437669,False,
osaka_kansai,Osaka/Kansai Metropolitan Area,2479,28517.99,116250.66,1.747076231609394,False,
osaka_kansai,Osaka/Kansai Metropolitan Area,2481,92212.86999999998,359665.22,1.8259188246953475,False,
osaka_kansai,Osaka/Kansai Metropolitan Area,2491,0.0,4067.5,0.0,False,
osaka_kansai,Osaka/Kansai Metropolitan Area,2492,18876.83,170473.65,0.7886061778227234,False,
osaka_kansai,Osaka/Kansai Metropolitan Area,2499,63462.86,253256.23,1.7846286983501751,False,
osaka_kansai,Osaka/Kansai Metropolitan Area,2511,62148.799999999996,181475.08,2.4389568739793193,False,
osaka_kansai,Osaka/Kansai Metropolitan Area,2512,115771.67,169876.71,4.853520035489261,False,
osaka_kansai,Osaka/Kansai Metropolitan Area,2513,14482.14,212679.78,0.48494770600185283,False,
osaka_kansai,Osaka/Kansai Metropolitan Area,2519,137781.84,139607.89,7.028625228911752,False,
osaka_kansai,Osaka/Kansai Metropolitan Area,2521,65417.85,228027.09,2.0431403079891313,False,
osaka_kansai,Osaka/Kansai Metropolitan Area,2522,23900.36,162890.23,1.0449554519669575,False,
osaka_kansai,Osaka/Kansai Metropolitan Area,2523,79903.22,466750.02999999997,1.2191813113672927,False,
osaka_kansai,Osaka/Kansai Metropolitan Area,2531,65059.23,280834.56,1.6498586471272,False,
osaka_kansai,Osaka/Kansai Metropolitan Area,2532,12140.650000000001,112418.0,0.7691206196400071,False,
osaka_kansai,Osaka/Kansai Metropolitan Area,2533,62938.969999999994,440565.49,1.0174135707870893,False,
osaka_kansai,Osaka/Kansai Metropolitan Area,2534,6693.46,24084.33,1.9792674080727108,False,
osaka_kansai,Osaka/Kansai Metropolitan Area,2535,44231.689999999995,469670.66000000003,0.6707002564077559,False,
osaka_kansai,Osaka/Kansai Metropolitan Area,2591,15494.33,20295.36,5.437063588717205,False,
osaka_kansai,Osaka/Kansai Metropolitan Area,2592,46505.75,203274.65,1.6293403052078785,False,
osaka_kansai,Osaka/Kansai Metropolitan Area,2593,4720.62,28850.83,1.1652768012738675,False,
osaka_kansai,Osaka/Kansai Metropolitan Area,2594,68262.7,397049.9,1.2244096426259001,False,
osaka_kansai,Osaka/Kansai Metropolitan Area,2595,0.0,15460.43,0.0,False,
osaka_kansai,Osaka/Kansai Metropolitan Area,2596,29738.43,152854.41999999998,1.3855697892484091,False,
osaka_kansai,Osaka/Kansai Metropolitan Area,2599,30913.04,219669.97,1.0022115311246231,False,
osaka_kansai,Osaka/Kansai Metropolitan Area,2611,22179.24,347132.82,0.4550292913729892,False,
osaka_kansai,Osaka/Kansai Metropolitan Area,2621,262235.41,830016.09,2.2500553079762895,False,
osaka_kansai,Osaka/Kansai Metropolitan Area,2631,0.0,1184.26,0.0,False,
osaka_kansai,Osaka/Kansai Metropolitan Area,2632,0.0,6341.0,0.0,False,
osaka_kansai,Osaka/Kansai Metropolitan Area,2633,0.0,2387.23,0.0,False,
osaka_kansai,Osaka/Kansai Metropolitan Area,2634,4974.78,18292.47,1.9368228422066667,False,
osaka_kansai,Osaka/Kansai Metropolitan Area,2635,4964.81,13069.28,2.7054489321359516,False,
osaka_kansai,Osaka/Kansai Metropolitan Area,2641,30769.69,161800.55,1.35435182540618,False,
osaka_kansai,Osaka/Kansai Metropolitan Area,2642,1263.06,27902.62,0.32237946277139734,False,
osaka_kansai,Osaka/Kansai Metropolitan Area,2643,401.93,17563.09,0.1629813333392803,False,
osaka_kansai,Osaka/Kansai Metropolitan Area,2644,9137.17,80884.94,0.8045117801103218,False,
osaka_kansai,Osaka/Kansai Metropolitan Area,2645,49142.58,172868.2,2.0245626176107723,False,
osaka_kansai,Osaka/Kansai Metropolitan Area,2651,6907.42,28984.68,1.6972105546494625,False,
osaka_kansai,Osaka/Kansai Metropolitan Area,2652,96840.13,335756.04,2.0540920413013706,False,
osaka_kansai,Osaka/Kansai Metropolitan Area,2653,134931.94,271920.18,3.5339605378466254,False,
osaka_kansai,Osaka/Kansai Metropolitan Area,2661,25514.93,412921.29,0.44006362904191043,False,
osaka_kansai,Osaka/Kansai Metropolitan Area,2662,35090.0,227488.37,1.0985315627066417,False,
osaka_kansai,Osaka/Kansai Metropolitan Area,2663,67393.14,383906.92,1.2501960469060147,False,
osaka_kansai,Osaka/Kansai Metropolitan Area,2664,47056.659999999996,455284.55,0.7360826068747877,False,
osaka_kansai,Osaka/Kansai Metropolitan Area,2671,48026.89,1163648.91,0.2939347058927127,True,semiconductor_equipment_robotics
osaka_kansai,Osaka/Kansai Metropolitan Area,2672,7538.34,176438.91,0.3042774202013051,False,
osaka_kansai,Osaka/Kansai Metropolitan Area,2691,42302.920000000006,287926.35,1.0463507847871372,False,
osaka_kansai,Osaka/Kansai Metropolitan Area,2692,216639.63,390062.09,3.955419333742917,False,
osaka_kansai,Osaka/Kansai Metropolitan Area,2693,10996.9,67154.41,1.1662297291555737,False,
osaka_kansai,Osaka/Kansai Metropolitan Area,2694,42310.01,420032.68,0.7173785994038796,True,semiconductor_equipment_robotics
osaka_kansai,Osaka/Kansai Metropolitan Area,2699,96618.12,653785.29,1.0524750470803992,False,
osaka_kansai,Osaka/Kansai Metropolitan Area,2711,13327.73,102010.27,0.9304663231307294,False,
osaka_kansai,Osaka/Kansai Metropolitan Area,2719,60876.29,161348.77,2.6870199344182986,False,
osaka_kansai,Osaka/Kansai Metropolitan Area,2721,2515.95,66623.13,0.268946157573749,False,
osaka_kansai,Osaka/Kansai Metropolitan Area,2722,14713.17,277241.77,0.37795140163069396,False,
osaka_kansai,Osaka/Kansai Metropolitan Area,2723,803.88,14970.789999999999,0.3824149618727781,False,
osaka_kansai,Osaka/Kansai Metropolitan Area,2729,14126.66,73883.25,1.3617013618029223,False,
osaka_kansai,Osaka/Kansai Metropolitan Area,2731,7512.66,42269.22,1.2657789551076735,False,
osaka_kansai,Osaka/Kansai Metropolitan Area,2732,7126.889999999999,51304.36,0.9893139923239216,False,
osaka_kansai,Osaka/Kansai Metropolitan Area,2733,12941.419999999998,44782.79,2.0580653232928428,False,
osaka_kansai,Osaka/Kansai Metropolitan Area,2734,5171.38,83604.42,0.44051995208741257,False,
osaka_kansai,Osaka/Kansai Metropolitan Area,2735,63385.46000000001,99573.56,4.533503779064588,False,
osaka_kansai,Osaka/Kansai Metropolitan Area,2736,26809.260000000002,53703.55,3.5552504629223187,False,
osaka_kansai,Osaka/Kansai Metropolitan Area,2737,752.67,36451.74,0.14705327886614414,False,
osaka_kansai,Osaka/Kansai Metropolitan Area,2738,5129.679999999999,28223.59,1.2943936966273808,True,measurement_medical_precision
osaka_kansai,Osaka/Kansai Metropolitan Area,2739,47977.28,230812.04,1.4803538358169317,True,measurement_medical_precision
osaka_kansai,Osaka/Kansai Metropolitan Area,2741,31830.079999999998,426529.82,0.5314674864868552,True,measurement_medical_precision
osaka_kansai,Osaka/Kansai Metropolitan Area,2742,10463.67,45906.03,1.6233145022844055,False,
osaka_kansai,Osaka/Kansai Metropolitan Area,2743,9115.15,68806.84,0.9434536673125467,True,measurement_medical_precision
osaka_kansai,Osaka/Kansai Metropolitan Area,2744,12268.91,32850.42,2.659827208768747,False,
osaka_kansai,Osaka/Kansai Metropolitan Area,2751,0.0,21664.52,0.0,False,
osaka_kansai,Osaka/Kansai Metropolitan Area,2752,323.17,16329.22,0.14094639364235648,False,
osaka_kansai,Osaka/Kansai Metropolitan Area,2753,7394.26,114469.38,0.460038053225685,True,measurement_medical_precision
osaka_kansai,Osaka/Kansai Metropolitan Area,2761,0.0,111236.65,0.0,False,
osaka_kansai,Osaka/Kansai Metropolitan Area,2811,0.0,27842.5,0.0,True,electronic_components_semiconductors
osaka_kansai,Osaka/Kansai Metropolitan Area,2812,0.0,147184.28,0.0,False,
osaka_kansai,Osaka/Kansai Metropolitan Area,2813,15653.3,221417.7,0.5034796755818256,True,electronic_components_semiconductors
osaka_kansai,Osaka/Kansai Metropolitan Area,2814,0.0,605515.8200000001,0.0,False,
osaka_kansai,Osaka/Kansai Metropolitan Area,2815,-9449.97,-9877.8,6.8133166197046515,False,
osaka_kansai,Osaka/Kansai Metropolitan Area,2821,25799.1,586217.85,0.3134251827258988,False,
osaka_kansai,Osaka/Kansai Metropolitan Area,2822,79.7,10050.52,0.05647524965236932,False,
osaka_kansai,Osaka/Kansai Metropolitan Area,2823,16645.84,346348.1,0.3422798054851209,False,
osaka_kansai,Osaka/Kansai Metropolitan Area,2831,0.0,0.0,,True,electronic_components_semiconductors
osaka_kansai,Osaka/Kansai Metropolitan Area,2832,0.0,6408.83,0.0,False,
osaka_kansai,Osaka/Kansai Metropolitan Area,2841,17141.88,464505.11,0.2628187374654867,True,electronic_components_semiconductors
osaka_kansai,Osaka/Kansai Metropolitan Area,2842,21141.91,235373.35,0.6396984542703729,True,electronic_components_semiconductors
osaka_kansai,Osaka/Kansai Metropolitan Area,2851,5480.59,147502.91,0.2646153879669381,False,
osaka_kansai,Osaka/Kansai Metropolitan Area,2859,12730.810000000001,69565.63,1.3033158720384481,False,
osaka_kansai,Osaka/Kansai Metropolitan Area,2899,80926.26000000001,1181420.12,0.4878355858611905,True,electronic_components_semiconductors
osaka_kansai,Osaka/Kansai Metropolitan Area,2911,110994.03,445277.95,1.7752388792831741,True,electrical_industrial_equipment
osaka_kansai,Osaka/Kansai Metropolitan Area,2912,57959.75,150219.37,2.7478241582310328,True,electrical_industrial_equipment
osaka_kansai,Osaka/Kansai Metropolitan Area,2913,32330.760000000002,301147.24,0.7645843363885791,False,
osaka_kansai,Osaka/Kansai Metropolitan Area,2914,79525.65,638118.4,0.887553069019561,False,
osaka_kansai,Osaka/Kansai Metropolitan Area,2915,12457.230000000001,210117.84,0.42222789829895513,False,
osaka_kansai,Osaka/Kansai Metropolitan Area,2921,1728.04,27832.96,0.4421633743057849,True,electrical_industrial_equipment
osaka_kansai,Osaka/Kansai Metropolitan Area,2922,96086.04000000001,1082416.78,0.6321995015378107,False,
osaka_kansai,Osaka/Kansai Metropolitan Area,2929,49601.11,230476.98,1.532682543380592,True,electrical_industrial_equipment
osaka_kansai,Osaka/Kansai Metropolitan Area,2931,37408.479999999996,181870.25,1.4648621866986256,False,
osaka_kansai,Osaka/Kansai Metropolitan Area,2932,28488.809999999998,862524.44,0.23522922033644006,False,
osaka_kansai,Osaka/Kansai Metropolitan Area,2933,0.0,64639.43,0.0,False,
osaka_kansai,Osaka/Kansai Metropolitan Area,2939,11774.84,170409.6,0.49209542524497646,False,
osaka_kansai,Osaka/Kansai Metropolitan Area,2941,11217.480000000001,45042.17,1.7736354832471053,False,
osaka_kansai,Osaka/Kansai Metropolitan Area,2942,28537.22,242834.88999999998,0.8369296387616729,False,
osaka_kansai,Osaka/Kansai Metropolitan Area,2951,98637.49,251652.59,2.791444374462263,False,
osaka_kansai,Osaka/Kansai Metropolitan Area,2952,34255.81,48042.71,5.078028267890214,False,
osaka_kansai,Osaka/Kansai Metropolitan Area,2961,9332.24,112761.77,0.5894030583329524,False,
osaka_kansai,Osaka/Kansai Metropolitan Area,2962,0.0,101213.84,0.0,True,electrical_industrial_equipment
osaka_kansai,Osaka/Kansai Metropolitan Area,2969,18857.39,167933.97,0.7997079221154304,True,electrical_industrial_equipment
osaka_kansai,Osaka/Kansai Metropolitan Area,2971,27750.010000000002,320911.82,0.6158370318108115,True,electrical_industrial_equipment
osaka_kansai,Osaka/Kansai Metropolitan Area,2972,34950.46,93566.46,2.660241520652209,False,
osaka_kansai,Osaka/Kansai Metropolitan Area,2973,18947.8,166905.36,0.8084941433816056,True,electrical_industrial_equipment
osaka_kansai,Osaka/Kansai Metropolitan Area,2999,18563.88,158840.79,0.8323291104056968,True,electrical_industrial_equipment
osaka_kansai,Osaka/Kansai Metropolitan Area,3011,0.0,161877.16999999998,0.0,True,communication_computer_equipment
osaka_kansai,Osaka/Kansai Metropolitan Area,3012,19477.67,19477.67,7.121776990415695,False,
osaka_kansai,Osaka/Kansai Metropolitan Area,3013,49450.549999999996,454285.5,0.775230090226082,True,communication_computer_equipment
osaka_kansai,Osaka/Kansai Metropolitan Area,3014,0.0,0.0,,False,
osaka_kansai,Osaka/Kansai Metropolitan Area,3015,5965.18,57055.34,0.7445873018667122,False,
osaka_kansai,Osaka/Kansai Metropolitan Area,3019,11547.96,85566.95,0.9611420742966861,True,communication_computer_equipment
osaka_kansai,Osaka/Kansai Metropolitan Area,3021,801.6,8223.71,0.6941899015793629,False,
osaka_kansai,Osaka/Kansai Metropolitan Area,3022,2475.87,27563.64,0.6397048429474664,False,
osaka_kansai,Osaka/Kansai Metropolitan Area,3023,21429.440000000002,43053.25,3.5448123593339345,True,communication_computer_equipment
osaka_kansai,Osaka/Kansai Metropolitan Area,3031,0.0,43106.24,0.0,True,communication_computer_equipment
osaka_kansai,Osaka/Kansai Metropolitan Area,3032,268.3,101525.36,0.018820645073590787,False,
osaka_kansai,Osaka/Kansai Metropolitan Area,3033,0.0,100048.88,0.0,False,
osaka_kansai,Osaka/Kansai Metropolitan Area,3034,0.0,162457.52,0.0,False,
osaka_kansai,Osaka/Kansai Metropolitan Area,3035,3332.0299999999997,37685.53,0.6296839817663387,False,
osaka_kansai,Osaka/Kansai Metropolitan Area,3039,2442.06,116750.74,0.14896528036751247,False,
osaka_kansai,Osaka/Kansai Metropolitan Area,3111,408636.02999999997,3880665.56,0.7499266893560438,False,
osaka_kansai,Osaka/Kansai Metropolitan Area,3112,10938.8,250214.11000000002,0.311348125582363,False,
osaka_kansai,Osaka/Kansai Metropolitan Area,3113,262249.16000000003,7146851.04,0.2613290836748494,False,
osaka_kansai,Osaka/Kansai Metropolitan Area,3121,32478.33,104717.8,2.208826228980439,False,
osaka_kansai,Osaka/Kansai Metropolitan Area,3122,82983.27,173153.37,3.4130917745086515,False,
osaka_kansai,Osaka/Kansai Metropolitan Area,3131,138764.17,509079.07,1.9412455377513986,False,
osaka_kansai,Osaka/Kansai Metropolitan Area,3132,1776.99,64030.13,0.19764642823931147,False,
osaka_kansai,Osaka/Kansai Metropolitan Area,3133,631.13,14945.55,0.30074283729679113,False,
osaka_kansai,Osaka/Kansai Metropolitan Area,3134,42785.399999999994,212509.0,1.4338596353365347,False,
osaka_kansai,Osaka/Kansai Metropolitan Area,3141,0.0,42041.67,0.0,False,
osaka_kansai,Osaka/Kansai Metropolitan Area,3142,23438.75,326478.99,0.5112903296904523,False,
osaka_kansai,Osaka/Kansai Metropolitan Area,3149,28999.5,155116.28,1.3314396904925774,False,
osaka_kansai,Osaka/Kansai Metropolitan Area,3151,16807.59,96610.2,1.2389986536239541,False,
osaka_kansai,Osaka/Kansai Metropolitan Area,3159,14886.130000000001,49747.58,2.131072468456492,False,
osaka_kansai,Osaka/Kansai Metropolitan Area,3191,120396.09999999999,155776.86,5.504246103790942,False,
osaka_kansai,Osaka/Kansai Metropolitan Area,3199,8145.66,185025.8,0.3135323504059948,False,
osaka_kansai,Osaka/Kansai Metropolitan Area,3211,5567.96,33726.700000000004,1.17573819589687,False,
osaka_kansai,Osaka/Kansai Metropolitan Area,3212,755.4,3694.44,1.4561856028410303,False,
osaka_kansai,Osaka/Kansai Metropolitan Area,3219,338.09000000000003,2521.79,0.9547986084049989,False,
osaka_kansai,Osaka/Kansai Metropolitan Area,3221,5729.61,14263.48,2.8608028799462453,False,
osaka_kansai,Osaka/Kansai Metropolitan Area,3222,477.93,1102.22,3.088050368374166,False,
osaka_kansai,Osaka/Kansai Metropolitan Area,3223,992.5500000000001,3038.85,2.326116705937147,False,
osaka_kansai,Osaka/Kansai Metropolitan Area,3224,3448.4500000000003,36060.869999999995,0.6810454618149536,False,
osaka_kansai,Osaka/Kansai Metropolitan Area,3229,578.4,4151.6,0.9922044058330372,False,
osaka_kansai,Osaka/Kansai Metropolitan Area,3231,0.0,28358.050000000003,0.0,False,
osaka_kansai,Osaka/Kansai Metropolitan Area,3241,0.0,6661.68,0.0,False,
osaka_kansai,Osaka/Kansai Metropolitan Area,3249,1106.72,37549.17,0.20990645148302503,False,
osaka_kansai,Osaka/Kansai Metropolitan Area,3251,8170.55,62045.990000000005,0.937833935586183,False,
osaka_kansai,Osaka/Kansai Metropolitan Area,3252,876.02,8137.13,0.7667100168172264,False,
osaka_kansai,Osaka/Kansai Metropolitan Area,3253,18957.73,127707.03,1.057206680826524,False,
osaka_kansai,Osaka/Kansai Metropolitan Area,3261,192.82,69724.71,0.019694897824486527,False,
osaka_kansai,Osaka/Kansai Metropolitan Area,3262,5966.25,8518.88,4.987780314908491,False,
osaka_kansai,Osaka/Kansai Metropolitan Area,3269,9825.05,26659.52,2.624646468491695,False,
osaka_kansai,Osaka/Kansai Metropolitan Area,3271,307.19,8049.88,0.2717728306118597,False,
osaka_kansai,Osaka/Kansai Metropolitan Area,3281,0.0,835.31,0.0,False,
osaka_kansai,Osaka/Kansai Metropolitan Area,3282,5192.15,25303.43,1.4613565987214716,False,
osaka_kansai,Osaka/Kansai Metropolitan Area,3283,571.17,3343.08,1.21676578592667,False,
osaka_kansai,Osaka/Kansai Metropolitan Area,3284,14748.51,39837.9,2.636574697986485,False,
osaka_kansai,Osaka/Kansai Metropolitan Area,3285,0.0,0.0,,False,
osaka_kansai,Osaka/Kansai Metropolitan Area,3289,6254.200000000001,21835.420000000002,2.0398516563206863,False,
osaka_kansai,Osaka/Kansai Metropolitan Area,3291,0.0,2638.81,0.0,False,
osaka_kansai,Osaka/Kansai Metropolitan Area,3292,16430.61,175072.98,0.6683792109810093,False,
osaka_kansai,Osaka/Kansai Metropolitan Area,3293,3429.32,32031.690000000002,0.7624590606606254,False,
osaka_kansai,Osaka/Kansai Metropolitan Area,3294,2898.74,10414.970000000001,1.9821641188786516,False,
osaka_kansai,Osaka/Kansai Metropolitan Area,3295,6327.49,51306.26,0.8783133420577801,False,
osaka_kansai,Osaka/Kansai Metropolitan Area,3296,331683.01,360754.95,6.547858674509715,False,
osaka_kansai,Osaka/Kansai Metropolitan Area,3297,3012.44,43204.35,0.49656865285573926,False,
osaka_kansai,Osaka/Kansai Metropolitan Area,3299,77068.47,393588.42,1.3945137317112692,False,
