pref_code,pref_name,industry_code_2d,industry_name_jp,establishments,employment,shipments_mn_yen,value_added_mn_yen,region
00,全国計,09,食料品製造業,21624.0,1094454.0,29605781.0,10270051.0,japan
00,全国計,10,飲料・たばこ・飼料製造業,4093.0,102880.0,9275727.0,2759855.0,japan
00,全国計,11,繊維工業,9448.0,219843.0,3452491.0,1356402.0,japan
00,全国計,12,木材・木製品製造業（家具を除く）,4546.0,86067.0,2738069.0,888369.0,japan
00,全国計,13,家具・装備品製造業,4241.0,86078.0,1999768.0,736866.0,japan
00,全国計,14,パルプ・紙・紙加工品製造業,5043.0,179189.0,7095704.0,2232319.0,japan
00,全国計,15,印刷・同関連業,9306.0,235105.0,4575588.0,2099908.0,japan
00,全国計,16,化学工業,4978.0,377971.0,28603045.0,11556149.0,japan
00,全国計,17,石油製品・石炭製品製造業,979.0,28027.0,11114363.0,1541748.0,japan
00,全国計,18,プラスチック製品製造業（別掲を除く）,11680.0,440660.0,12574301.0,4676691.0,japan
00,全国計,19,ゴム製品製造業,2009.0,111724.0,2981969.0,1290818.0,japan
00,全国計,20,なめし革・同製品・毛皮製造業,863.0,16903.0,264189.0,104382.0,japan
00,全国計,21,窯業・土石製品製造業,9058.0,232706.0,7558126.0,3261172.0,japan
00,全国計,22,鉄鋼業,4213.0,218553.0,15072285.0,2679966.0,japan
00,全国計,23,非鉄金属製造業,2533.0,141077.0,9423653.0,2260154.0,japan
00,全国計,24,金属製品製造業,24094.0,582642.0,15020417.0,5981069.0,japan
00,全国計,25,はん用機械器具製造業,6555.0,318401.0,11424236.0,4094696.0,japan
00,全国計,26,生産用機械器具製造業,18138.0,606843.0,19553507.0,7112788.0,japan
00,全国計,27,業務用機械器具製造業,3786.0,209694.0,6387042.0,2476128.0,japan
00,全国計,28,電子部品・デバイス・電子回路製造業,3841.0,412146.0,14592905.0,5337609.0,japan
00,全国計,29,電気機械器具製造業,8191.0,480830.0,17819148.0,6309548.0,japan
00,全国計,30,情報通信機械器具製造業,1135.0,112986.0,6416679.0,1741255.0,japan
00,全国計,31,輸送用機械器具製造業,9718.0,1017610.0,60178105.0,14308273.0,japan
00,全国計,32,その他の製造業,6786.0,153167.0,4276175.0,1749313.0,japan
osaka_kansai,Osaka/Kansai Metropolitan Area,09,食料品製造業,2257.0,130117.0,3749495.0,1393476.0,osaka_kansai
osaka_kansai,Osaka/Kansai Metropolitan Area,10,飲料・たばこ・飼料製造業,337.0,11150.0,1541564.0,497165.0,osaka_kansai
osaka_kansai,Osaka/Kansai Metropolitan Area,11,繊維工業,1728.0,30189.0,544166.0,215225.0,osaka_kansai
osaka_kansai,Osaka/Kansai Metropolitan Area,12,木材・木製品製造業（家具を除く）,456.0,7876.0,274215.0,77688.0,osaka_kansai
osaka_kansai,Osaka/Kansai Metropolitan Area,13,家具・装備品製造業,580.0,11137.0,310997.0,96797.0,osaka_kansai
osaka_kansai,Osaka/Kansai Metropolitan Area,14,パルプ・紙・紙加工品製造業,900.0,24789.0,804636.0,290975.0,osaka_kansai
osaka_kansai,Osaka/Kansai Metropolitan Area,15,印刷・同関連業,1624.0,39043.0,821816.0,371077.0,osaka_kansai
osaka_kansai,Osaka/Kansai Metropolitan Area,16,化学工業,1063.0,61385.0,4035191.0,1464493.0,osaka_kansai
osaka_kansai,Osaka/Kansai Metropolitan Area,17,石油製品・石炭製品製造業,106.0,3121.0,1385365.0,349728.0,osaka_kansai
osaka_kansai,Osaka/Kansai Metropolitan Area,18,プラスチック製品製造業（別掲を除く）,1930.0,57263.0,1531549.0,598329.0,osaka_kansai
osaka_kansai,Osaka/Kansai Metropolitan Area,19,ゴム製品製造業,358.0,14074.0,331027.0,130233.0,osaka_kansai
osaka_kansai,Osaka/Kansai Metropolitan Area,20,なめし革・同製品・毛皮製造業,279.0,4774.0,70320.0,29778.0,osaka_kansai
osaka_kansai,Osaka/Kansai Metropolitan Area,21,窯業・土石製品製造業,803.0,19469.0,763304.0,362560.0,osaka_kansai
osaka_kansai,Osaka/Kansai Metropolitan Area,22,鉄鋼業,922.0,40240.0,2980827.0,599837.0,osaka_kansai
osaka_kansai,Osaka/Kansai Metropolitan Area,23,非鉄金属製造業,464.0,18717.0,1034062.0,284981.0,osaka_kansai
osaka_kansai,Osaka/Kansai Metropolitan Area,24,金属製品製造業,4626.0,99448.0,2632834.0,1106426.0,osaka_kansai
osaka_kansai,Osaka/Kansai Metropolitan Area,25,はん用機械器具製造業,1301.0,59880.0,2393176.0,889359.0,osaka_kansai
osaka_kansai,Osaka/Kansai Metropolitan Area,26,生産用機械器具製造業,2895.0,94493.0,3447239.0,1283443.0,osaka_kansai
osaka_kansai,Osaka/Kansai Metropolitan Area,27,業務用機械器具製造業,552.0,28626.0,922756.0,417748.0,osaka_kansai
osaka_kansai,Osaka/Kansai Metropolitan Area,28,電子部品・デバイス・電子回路製造業,380.0,27030.0,1129333.0,333990.0,osaka_kansai
osaka_kansai,Osaka/Kansai Metropolitan Area,29,電気機械器具製造業,1399.0,73634.0,2430002.0,851114.0,osaka_kansai
osaka_kansai,Osaka/Kansai Metropolitan Area,30,情報通信機械器具製造業,109.0,11499.0,675134.0,219608.0,osaka_kansai
osaka_kansai,Osaka/Kansai Metropolitan Area,31,輸送用機械器具製造業,905.0,72579.0,4299636.0,1197391.0,osaka_kansai
osaka_kansai,Osaka/Kansai Metropolitan Area,32,その他の製造業,1074.0,21989.0,1092201.0,536456.0,osaka_kansai
tokyo_ma,Tokyo Metropolitan Area,09,食料品製造業,2762.0,206205.0,6012644.0,2147774.0,tokyo_ma
tokyo_ma,Tokyo Metropolitan Area,10,飲料・たばこ・飼料製造業,285.0,11595.0,1021813.0,324079.0,tokyo_ma
tokyo_ma,Tokyo Metropolitan Area,11,繊維工業,807.0,12851.0,210051.0,85017.0,tokyo_ma
tokyo_ma,Tokyo Metropolitan Area,12,木材・木製品製造業（家具を除く）,317.0,5747.0,165358.0,53875.0,tokyo_ma
tokyo_ma,Tokyo Metropolitan Area,13,家具・装備品製造業,655.0,13826.0,454038.0,166868.0,tokyo_ma
tokyo_ma,Tokyo Metropolitan Area,14,パルプ・紙・紙加工品製造業,1032.0,29420.0,963150.0,340152.0,tokyo_ma
tokyo_ma,Tokyo Metropolitan Area,15,印刷・同関連業,2937.0,83834.0,1730944.0,839160.0,tokyo_ma
tokyo_ma,Tokyo Metropolitan Area,16,化学工業,1143.0,81249.0,5899786.0,2338769.0,tokyo_ma
tokyo_ma,Tokyo Metropolitan Area,17,石油製品・石炭製品製造業,159.0,8264.0,4476584.0,531916.0,tokyo_ma
tokyo_ma,Tokyo Metropolitan Area,18,プラスチック製品製造業（別掲を除く）,2145.0,56085.0,1790383.0,669988.0,tokyo_ma
tokyo_ma,Tokyo Metropolitan Area,19,ゴム製品製造業,488.0,15214.0,276674.0,107246.0,tokyo_ma
tokyo_ma,Tokyo Metropolitan Area,20,なめし革・同製品・毛皮製造業,313.0,4397.0,79292.0,32828.0,tokyo_ma
tokyo_ma,Tokyo Metropolitan Area,21,窯業・土石製品製造業,953.0,27123.0,979103.0,388116.0,tokyo_ma
tokyo_ma,Tokyo Metropolitan Area,22,鉄鋼業,654.0,32067.0,2429990.0,350966.0,tokyo_ma
tokyo_ma,Tokyo Metropolitan Area,23,非鉄金属製造業,540.0,23034.0,1460164.0,353123.0,tokyo_ma
tokyo_ma,Tokyo Metropolitan Area,24,金属製品製造業,4878.0,90623.0,2129863.0,904788.0,tokyo_ma
tokyo_ma,Tokyo Metropolitan Area,25,はん用機械器具製造業,1236.0,48713.0,1495738.0,552683.0,tokyo_ma
tokyo_ma,Tokyo Metropolitan Area,26,生産用機械器具製造業,3298.0,82688.0,2548157.0,927550.0,tokyo_ma
tokyo_ma,Tokyo Metropolitan Area,27,業務用機械器具製造業,1235.0,44766.0,1503675.0,668632.0,tokyo_ma
tokyo_ma,Tokyo Metropolitan Area,28,電子部品・デバイス・電子回路製造業,867.0,40845.0,1153974.0,382657.0,tokyo_ma
tokyo_ma,Tokyo Metropolitan Area,29,電気機械器具製造業,1763.0,70416.0,2003849.0,726022.0,tokyo_ma
tokyo_ma,Tokyo Metropolitan Area,30,情報通信機械器具製造業,372.0,30110.0,1884859.0,593195.0,tokyo_ma
tokyo_ma,Tokyo Metropolitan Area,31,輸送用機械器具製造業,1402.0,120039.0,6262012.0,1687655.0,tokyo_ma
tokyo_ma,Tokyo Metropolitan Area,32,その他の製造業,1549.0,33517.0,773040.0,302375.0,tokyo_ma
